ID,text,self_power,self_dominance,self_prestige,judge_power,judge_dominance,judge_prestige,AI_Power_mean,AI_Dom_mean,AI_Pres_mean
181,"Ich würde mich selbst als fleißig, diszipliniert und ehrgeizig beschreiben. Außerdem habe ich ein starkes Gefühl von Empathie gegenüber meinen Mitmenschen und allen Lebewesen und versuche gerne für andere da zu sein, zu helfen wo ich kann und mich in die Situation des anderen hinein zu versetzen. Gleichzeitig bin ich aber auch manchmal sehr eifersüchtig und neidisch oder auch mal schnell genervt und kann dann durchaus verletzend werden, was mir sehr schnell leid tut. Insgesamt möchte ich es gerne allen recht machen und alles was ich anpacke so perfekt wie möglich machen, weiß aber, dass das nicht immer nötig und auch nicht immer möglich ist.",5.5,4.125,5.444444444444445,4.4,4.475,4.466666666666667,2.5,2.375,5.555555555555555
182,Ich bin ein sehr zielstrebiger und ehrgeiziger Mensch. Außerdem bin ich offen und sehr kontaktfreudig. Ich liebe es mit meinen Freunden über Gott und die Welt zu philosophieren. Ich bin für meine Mitmenschen immer da.,5.375,4.375,4.888888888888889,5.9,3.475,6.1111111111111125,5.625,2.875,6.333333333333333
183,"Ich bin eine Frau, Partnerin, Mutter und Wissenschaftlerin. Ich lache gern und umgebe mich gern mit Menschen mit Humor und Verstand. Ich interessiere mich für gesellschaftspolitische Themen, Gesundheit, Kultur und Menschen. Am liebsten mache und höre ich Musik oder mache draußen Ausdauersport. Ich mag die Berge lieber als das Meer.",4.5,2.375,6.0,5.4,3.85,5.866666666666665,5.75,2.25,6.222222222222222
191,Bin für Freunde und Familie immer da. Auch wenn ich dabei nicht mehr an mich denke. Bin vom Typ her aber meistens jemand der die Richtung angibt. Abenteuerlustig und sportlich.,5.75,2.625,6.222222222222222,5.15,3.65,4.933333333333333,5.75,5.25,6.444444444444445
192,"Eine Selbstbeschreibung fällt mir schwer. Ich bin sehr hilfsbereit, offen für andere, sehr verständnisvoll und empathiefähig. Das steht mir aber manchmal auch im Weg, weil ich oft versuche, es anderen so leicht wie möglich zu machen und dabei auf mich und mein Wohl nicht besonders Rücksicht nehme. Ich mache sehr gerne Musik und mag praktische Arbeiten, bei denen man hinterher ein Ergebnis sehen kann.",5.25,2.875,5.555555555555555,3.925,2.15,4.955555555555556,2.125,1.0,5.444444444444445
196,"Ich bin sehr positiv, versuche in allem immer etwas gutes zu sehen, lache viel, bin recht kommunikativ und fühle mich eher selbstbewusst, durchsetzungsstark, wobei ich durchaus auch viele Kompromisse eingehe, sofern dies sinnvoll erscheint.",6.375,2.5,6.777777777777778,5.25,3.975,5.28888888888889,6.75,4.25,6.0
197,"Ich bin sehr zuverlässig, loyal und treu. Außerdem sehr direkt und ehrlich.
Leider bin ich auch manchmal kompliziert.
Ich habe in meinem Leben schon oft schwere Zeiten erlebt und nicht aufgeben.
",4.5,3.875,4.555555555555555,4.25,3.3,5.0666666666666655,4.375,4.75,5.0
198,"Ich versuche immer alle Situationen und Aufgaben so gut, gerecht, umweltfreundlich, zeitnah und zuverlässig zu erledigen und zu meistern.Ich bin in meiner Lebensführung eher bescheiden,mache mir nichts aus Statussymbolen und Luxusartikeln und versuche,so nachhaltig wie möglich zu wirtschaften und zu leben.Ich liebe alles in der Natur (Pflanzen, Tiere, Landschaften) und habe großes Interesse an anderen Kulturen, Völkern, Sprachen, Religionen. Ich halte es für wichtig mich politisch zu informieren und zu engagieren und Stellung zu beziehen zu aktuellen Problemen.",4.375,1.875,4.666666666666667,4.575,2.95,4.622222222222222,3.375,3.625,5.111111111111111
199,"Ich bin direkt, sarkastisch und humorvoll mit Hang zum Pessimismus. Ich denke insgesamt viel zu viel über alles mögliche nach und meistens handelt es sich hierbei um Dinge, auf die es nicht wirklich eine Antwort gibt. Ich bin gesellig und mag es, neue Menschen kennenzulernen, wobei ich aber nicht jeden mag. Man sagte zu mir, dass ich empathisch sei und dass man dazu neigt, sich mir gegenüber schnell zu öffnen, weil ich sehr interessiert wirke. Es ist aber auch so, dass ich selbst viel reden kann und ein großes Mitteilungsbedürfnis habe.",3.75,3.625,4.0,5.1,4.475,4.266666666666667,3.75,3.5,5.666666666666667
201,"Ich bin spontan, lustig, meistens gut drauf sagen zumindest die anderen. 
Richtig kennen mich nur wenige Menschen.
Ich bin eine gute Zuhörerin.
Ich liebe es Oma zu sein.
Ich bin mit Leib und Seele Camperin.",3.625,1.875,5.222222222222222,4.2,2.275,5.355555555555556,3.5,1.375,5.555555555555555
202,"Ein Mensch voller Selbstwertgefühle und dann auch wieder voller Zweifel. Ein Mensch mit Ängsten, mit einem Gefühl der Hilflosigkeit. Angst vor Neuem. Alles was der Kontrolle herausfällt, bereitet Ängste und Sorgen. Einem Leben in der die Persönlichkeit gespalten ist, eine öffentliche und eine private.",3.875,5.25,4.555555555555555,3.75,3.825,3.3333333333333335,1.75,2.875,2.4444444444444446
204,"Ich bin kreativ, humorvoll, offen und freundlich. Mir machen Menschen zu schaffen, die nur an sich denken und narzistisch handeln.",5.625,2.625,5.222222222222222,4.125,2.45,4.977777777777777,2.125,2.75,5.888888888888889
205,"Ich bin ein offener, nach außen oft fröhlicher und extrovertiert wirkender Mensch. Dass ich mir häufig Sorgen mache oder mich mit negativen Gedanken beschäftige, zeige ich eher selten nach außen, in manchen Fällen bei mir sehr vertrauten Menschen etwas öfter. Ich habe oft Schwierigkeiten mich (ohne Druck von außen) zu bestimmten Aufgaben zu motivieren, wenn ich aber schließlich die Probleme angehe, merke ich schnell, wie effektiv und konzentriert ich eigentlich arbeiten kann, was sich allerdings meist nicht positiv auf zukünftige Motivationsprobleme auswirkt. Auch wenn ich nicht viel von meinen eigentlichen Gefühlen und Gedanken zeige, genieße ich es anderen Menschen zeigen zu können, dass ich ihnen gerne zuhöre und für sie da bin. Aus Konflikten und Streits halte ich mich eher raus.",4.875,3.125,5.333333333333333,4.15,2.875,5.444444444444445,1.875,1.0,4.777777777777778
207,"Ich bin gut organisiert. Ich kann analytisch Denken. Zu meinen Stärken gehören Empathie, emotionale Intelligenz. Ich bin ein positiv denkender Mensch. Ich habe schon viele schwierige Dinge gut bewältigt.",6.125,4.75,5.888888888888889,5.925,4.175,6.088888888888889,6.125,2.625,6.333333333333333
208,"Ich bin eher ruhig unter fremden Menschen, aber sehr ""laut"" unter Menschen bei denen ich mich wohl fühle. Wenn ich mich aber verletzt fühle kann ich sehr aufbrausend bis aggressiv werden. Ich bin schnell verunsichert und oft nicht ganz bei der Sache. Ich lasse mich leicht ablenken. Ich empfinde mich selbst als sehr emotionslos.",3.25,5.375,3.7777777777777777,4.825,4.625,4.488888888888889,1.75,5.25,2.111111111111111
210,"Ich bin introvertiert und ein sehr ruhiger Mensch. Da ich sehr gerne male und lese, verbringe ich gerne Zeit alleine oder verbinge die Zeit mit meinem Partner und meinen Freunden. Außerdem bin ich sehr ordentlich und schnell gestresst in einer unordentlichen und unruhigen Umgebung.",5.0,2.5,5.333333333333333,3.0,2.875,4.511111111111111,2.5,2.5,4.111111111111111
212,"Ich bin ein etwas (zu) verkopfter Mensch, der stets kritisch analysiert und immer wieder bewusst zweifelt, um beispielsweise die eigene Position in der sozialen Gemeinschaft und die eigene Verantwortung im täglichen Handeln, Konsum und Berufsleben zu hinterfragen und gegebenenfalls neu zu definieren. Ich sehe mich als Teil der Natur ohne tieferen Sinn und glaube nicht an eine Seele. Emotionalität erlebe ich vor allem durch Naturerfahrung, Interaktion mit Menschen und durch die Musik. Auf genau diese Punkte lege ich in meinem Leben besonderen Wert. Die Körperlichkeit im weitesten Sinne ist für mich im Moment der interessanteste der drei Aspekte des Menschseins (Bewusstsein, Emotionalität, Körperlichkeit) bei dem es noch viel zu erkunden gibt (Sport, Tanz, Verfall, Sexualität).",5.625,2.75,5.333333333333333,4.65,3.6,4.7333333333333325,4.625,3.0,3.7777777777777777
214,"Ich bin eine 53-jährige Kämpferin.
Ich hatte es nicht immer leicht im Leben. Ich bin mutig und habe mir etwas aufbauen können.
Ich bin ehrlich, direkt und gerade heraus.
Ich neige zur Prokrastination.",5.125,3.0,5.111111111111111,5.925,5.25,5.444444444444445,6.25,5.75,4.888888888888889
215,"Ich bin alleinstehend und habe einen Hund, geerbt von meinen verstorbenen Eltern. Habe einen gut bezahlten Job, obwohl ich nie studiert habe. Ich bin flexibel, spontan, interessiert an Themen wie Psychologie, Philosophie, Religionen, Biografien, Geschichte und Literatur, was manchmal auch etwas zur Obsession führt. Ich höre viel Musik und tauche so für Stunden in meine Traumwelt ein. Außerdem habe ich auf Instagram einen Fanaccount, wo ich meine selbst erstellten und geschnittenen Videos mit Erfolg teile.",4.75,4.25,4.111111111111111,4.45,4.0,4.555555555555555,6.5,3.875,6.0
219,"Ich bin ein relativ warmherziger Mensch und harmoniebedürftig. Ich rede viel, bin aber auch reflektiert und versuche Dinge von verschiedenen Perspektiven zu betrachten. Die meiste Zeit bin ich motiviert und gut gelaunt, kann jedoch auch je nach Tageslaune Schwankungen unterliegen. Ökologisches Bewusstsein und Handeln ist mir sehr wichtig und großer Bestandteil meines Lebens.",5.125,3.125,4.444444444444445,5.25,3.0,5.511111111111111,2.875,1.25,5.555555555555555
221,"Ich beschäftige mich intensiv mit Pilzen. Habe - weil ich es nicht anders kann - mein Hobby zum Beruf gemacht. Ich liebe die Natur. Ich habe drei Kinder. Ich bin relativ still, aber stark.",5.0,3.625,5.0,4.0,2.675,4.466666666666667,5.625,4.625,5.222222222222222
222,"Ich bin weiblich, 39 Jahre alt, habe einen Masterabschluss und arbeite als systemische Beraterin. Ich bin aufgeschlossen und neugierig, gehe den Dingen gerne auf den Grund. Zugleich kann ich sehr ungeduldig und verständnislos sein, allerdings ausschließlich im privaten Bereich.",5.375,5.125,4.666666666666667,5.575,4.925,4.977777777777779,5.875,4.5,5.111111111111111
224,"1. Ich bin verheiratet und Mutter von 2 Kindern, 15 und 17 Jahre alt.
2. Mein Mann ist seit 15 Jahren chronisch krank.
3. Durch die Krankheit meines Mannes ist in unserem Leben nichts vorher planbar.
4. Ich bin nervlich angeschlagen.
5. Ich versuche es allen recht zu machen und denk eigentlich nie an mich.",1.625,1.125,2.5555555555555554,2.3,2.1,4.111111111111111,1.125,1.5,3.3333333333333335
225,"Ich bin ein fröhlicher Mensch mit einem großen Freundes- und Bekanntenkreis. Eine meiner wichtigsten Eigenschaften ist meiner Meinung nach Ehrlichkeit, die ich sowohl von mir, als auch von anderen erwarte und aus der auch meine Loyalität Freunden gegenüber resultiert. Darüber hinaus sehe ich mich selbst als sehr interessiert und offen für neue Erfahrungen und Erkenntnisse, das heißt mich interessieren unterschiedliche Themenfelder wie Naturwissenschaften, Philosophie und anderes mehr, worüber ich gern lese, aber auch mit anderen diskutiere, wobei ich bei Diskussionen gern das letzte Wort behalte und überhaupt ganz gerne bestimme, wo es lang geht, wobei ich dabei durchaus kreativ mit Vorgaben von oben umgehe, wie Sie sicher an den fünf Sätzen gemerkt haben, die man ja durch etwas grammatikalisches Geschick ins Unendliche dehnen kann, was ich aber jetzt nicht exzessiv tun werde, nur ein bißchen, weil es Spaß macht, was auch dazu passt, dass ich gerne lache und deshalb auch gerne mit Freundinnen und Freunden und mit meinen Kindern feiere oder mich treffe und Konzerte, Theater und so weiter besuche. Ansonsten engagiere ich mich gerne oder initiiere neue Projekte, wobei ich auch dort  immer in einer Führungsrolle lande, sei es nun bei Vereinen oder Initiativen oder Sonstigem, vielleicht weil ich mit meiner Meinung nicht hinter den Berg halte und in der Regel sage, was ich meine, das heißt mein diplomatisches Geschick ist sehr unterentwickelt. Im großen und ganzen halte ich mich für eine optimistische, lebensfrohe gestandene Frau, die ihre Kinder und anderen Lieben sehr, sehr liebt und sich für sie genauso wie früher für den kleinen Bruder zur Not auch prügeln würde, wenn mittlerweile auch eher im übertragenen Sinn.",6.75,5.75,6.333333333333333,6.175,5.975,5.111111111111112,6.75,6.75,6.222222222222222
226,"Zwar arbeite ich in der EDV als Informatiker, doch bin ich abseits meines Berufs weniger an IT als an Kunst und Kultur, Reisen, Sprachen und Fotografie interessiert. Zu meinen typischen Charakterzügen würde ich meine ruhige Art und eine gewisse Ausgeglichenheit zählen, außerdem denke ich, dass ich aufgeschlossen, vielseitig interessiert und menschenfreundlich bin. Schwächen habe ich auch, und zwar bin ich manchmal etwas zu schüchtern gegenüber Autoritäten und ich neige zum Prokrastinieren (Aufschieben). Aufgewachsen bin ich als Einzelkind, und wahrscheinlich kommt es daher, dass ich mich auch gut allein beschäftigen kann, beziehungsweise zeitweise eher ein Einzelgänger bin.",3.0,2.0,3.5555555555555554,3.075,2.3,4.044444444444444,2.125,1.0,5.111111111111111
227,"Ich bin ein aufgeschlossener, toleranter und emphatischer Mensch. Im Grunde bin ich positiv, fröhlich und hilfsbereit. Manchmal wird mir die Welt jedoch zu viel und ich bin traurig ob der Ignoranz, Respektlosigkeit und dem Narzissmus anderer Menschen. Dann ziehe ich mich zurück und es kostet recht viel Kraft da wieder herauszukommen. Es gibt einiges an dem ich noch arbeiten möchte.",4.75,2.375,5.0,4.25,2.025,5.155555555555556,2.25,1.0,5.333333333333333
228,"Ich bin in grundsätzlich ein ruhiger, introvertierter und freundlicher Mensch. Harmonie ist mir sehr wichtig, weshalb ich oft nur in meinem engen privaten Umfeld wirklich meine Meinung sage. Wenn ich mich aber in einer Gruppe wohl und respektiert fühle, bin ich sehr begeisterungsfähig und diskutiere gerne.",4.375,2.125,5.0,2.775,1.875,4.666666666666666,1.75,1.0,5.0
229,Grosser innerlich relativ jung gebliebener nicht allzu Ernster volleyballspielender motorradfahrender Geniesser mit Spass am Leben und der Liebe der auch durch Corona nicht unterzukriegen ist und immer ein Lächeln auf den Lippen hat und dies auch gern teilt.  In der Sonne fällt es noch leichter.,5.375,4.0,4.444444444444445,5.15,4.0,5.088888888888889,5.5,2.25,4.333333333333333
230,"Positiver alter Mann, Großvater, Motorradfahrer, WLAN-Spezialist, der sich manchmal nicht eingesteht, dass er schon soooo alt ist, mit zuviel Gewicht (ich bin einfach zu klein für mein Gewicht). Bin selbstständig und arbeite noch zeitweise, da mein Wissen immer noch genötigt wird. Geschieden, weil die Ehe an einem Punkt angekommen war, wo die Partner nur noch für sich selbst leben und nicht mehr gemeinsam. Zu dem noch das Problem, dass die Vorstellungen für das Weiterleben nach dem Berufsende nicht kompatibel waren.
Jetzt lebe ich mit einer Frau seit 10 Jahren zusammen, mit der ich anscheinend eine Seelenverwandschaft habe. Sie hat fast die gleichen  Ansichten und Gedanken. Durch sie habe ich meine Mitte wiedergefunden und sie hat meine ""verschütteten"" Gedanken, Vorlieben und Interessen wieder aufgeweckt.
Ich habe meinen Engel gefunden!",5.5,1.5,5.0,5.4,3.65,5.333333333333333,6.25,4.125,6.333333333333333
233,"Ich bin empathisch, verrückt, faul, selbstbewußt und kreativ. Ich liebe nähen, Boxen und bin politisch aktiv. Ich liebe Hunde und will irgendwann mindestens 5 Malamute und tiergestützte Therapie anbieten.",5.625,2.25,5.222222222222222,5.05,3.325,5.044444444444444,6.0,5.375,5.444444444444445
234,"Sehr empathisch und sozial eingestellt. Hilfsbereit, verbindlich und freundlich. Selbstbewusstsein ausbaufähig. Anpassungsfähig, zuverlässig und talentiert.",3.625,1.625,3.4444444444444446,3.675,2.575,4.355555555555555,1.625,1.25,5.111111111111111
237,"Ich bin mit 1,56m eine kleine, zierliche Person mit blauen Augen und blonden Haaren. Dafür ist mein Ehrgeiz umso größer - möchte ich etwas wirklich, bin ich sehr zielstrebig und gebe alles dafür um es zu erreichen. Zudem bin ich sehr familiär und belesen, weil ich von Klein auf Bücher verschlungen habe. Im Gegensatz zu früher, bin ich nun ziemlich selbstbewusst und kommunikativ.",6.625,3.625,6.777777777777778,4.275,3.675,4.933333333333333,6.125,4.625,5.888888888888889
239,Ich bin schlecht strukturiert. Ich fühle mich priviligiert. Ich habe eine depressive Grundstruktur. Ich bin sozial und beruflich sehr gut integriert. Ich bin anfällig für Süchte.,4.25,4.0,3.7777777777777777,3.525,3.5,3.9111111111111114,3.25,4.75,5.333333333333333
240,"Ich bin ein offener, neugieriger, selbstbewusster Mensch, sehr ordnungsliebend (fast schon zwanghaft) , strukturiert, liebe es zu philosophieren und quatschen über alles und jeden.",5.75,3.75,5.333333333333333,5.6,3.975,5.488888888888889,6.625,5.625,5.777777777777778
242,Ich bin ein sensibler Romantiker. Emotional und empathisch. INFP-T und ein Hufflepuff. Ich liebe es in kurzer Hose draußen zu sein. Hunde sind mir lieber als die meisten Menschen.,2.875,2.75,3.4444444444444446,2.75,1.825,3.844444444444444,1.625,1.0,2.0
244,"Ich bin halbtags als Verwaltungsangestellte berufstätig und werde in 2,5 Jahren in Rente gehen. In meiner Freizeit bin ich sportlich aktiv. Mit meiner  Lebenssituation bin ich  zufrieden. Ein großes Laster ist das Spielen am Handy.",5.0,2.5,4.444444444444445,3.25,2.525,3.844444444444444,3.625,1.625,4.111111111111111
245,"Ich bin 25 Jahre alt und in Franken aufgewachsen. Wälder sind für mich ein Stück Heimat, allgemein ist mir die Natur wichtig. Zum Skandinavistikstudium bin ich erst in den Süden Bayerns gezogen und jetzt nach Schweden, wo ich ein Auslandsjahr verbringe. Ich bin ein ruhiger und eher nachdenklicher Mensch. Mit anderen spiele ich gerne Gesellschafts- und Rollenspiele, für Fantastisches bin ich leicht zu begeistern.",4.5,3.25,5.111111111111111,3.9,2.8,4.822222222222222,3.125,1.75,5.0
246,"Ich bin nach 35 Jahren immer noch sehr gerne Krankenschwester, liebe meine Kinder und Enkelinnen, bin gerne unter Menschen und pflege meine Hobbies und meine Partnerschaft!",5.625,3.25,5.333333333333333,5.15,2.95,5.466666666666667,6.0,1.375,6.222222222222222
250,"Ich bin eine Frau von 64 Jahren, mit Studium und Berufstätigigkeit, historisch bewandert, Kunst interessiert. Bin für eine gerechte Gesellschaft mit verbindlichen Normen und Werten, bin weltoffen und zugewandt. Bin sehr widerstandsfähig, ausdauernd und eine gute Mutter für meinen Sohn, eine schwierige Ehefrau.",3.625,4.0,4.111111111111111,5.825,4.925,5.377777777777778,6.375,5.75,5.222222222222222
251,"Ich bin ein kreativer, humorvoller, tierliebender Vegetarier. Obwohl ich meiner wahren Berufung jobmäßig nicht lange folgen konnte, kämpfe ich mich dennoch durchs Leben. Ich bin für mein Alter zu albern und verspielt, mag Comics und spannende Filme. Der Tag müßte mehr als 24 Stunden haben, damit ich allen meinen Leidenschaften hinsichtlich Hobbies gerecht werden könnte.",3.125,1.625,4.625,3.925,2.45,4.266666666666667,2.625,1.0,3.3333333333333335
252,Ich bin sehr strukturiert und zielorientiert. Kommunikation und Empathie sind mir wichtig. Ich denke Dinge gerne bis zum Ende durch. Ferner bin ich ein großer Freund von schwarzem Humor. Ich kann auch gut mal über mich selber lachen. Meine Familie ist mir sehr wichtig.,5.0,2.875,4.222222222222222,5.475,3.575,5.733333333333333,5.75,2.875,5.777777777777778
253,"Ich bin eine unkomplizierte, jung gebliebene Seniorin mit einem kleinen Kreis guter Freunde. Ich liebe Kinder und werde schon seit meiner Jugend von Kindern geliebt, weshalb ich den Umgang mit Kindern als meine Berufung ansehe und zur Zeit als Ehrenamtlerin in der Betreuung von Migrantenkindern tätig bin. Ich habe selbst 3 erwachsene Kinder und 3 Enkel, zu denen ich ein sehr gutes Verhältnis habe. Ich bin sehr sozial interessiert und habe mich seit Jahrzehnten auf verschiedenen sozialen Gebieten engagiert. Meine Kreativität und Großzügigkeit werden in meinem Umfeld gesucht und geschätzt. Ich war 37 Jahre verheiratet und als Hausfrau trotz Hochschulabschluss nicht berufstätig. Aber ich habe mir immer Möglichkeiten zu Weiterbildung und zur Erweiterung meines Horizonts gesucht, habe zum Beispiel Italienisch und Spanisch an der Volkshochschule studiert und eine Ausbildung als Hauswirtschafterin gemacht.  Seit 16  Jahren bin ich verwitwet und komme gut alleine zurecht. Ich bin vielseitig interessiert, schreibe gern und mache Gedichte. Ich bin Zeit meines Lebens immer irgendwie in einer Art Führungsrolle gewesen.",6.25,3.875,6.0,5.475,3.45,5.733333333333333,6.625,4.0,7.0
255,"Optimistischer Typ, begeisterter Segler, Vater von zwei erwachsenen Kindern, Textilingenieur und Dozent im Beruf und ab August im Ruhestand.",5.875,2.5,5.222222222222222,4.775,3.7,5.288888888888889,6.625,4.75,6.555555555555555
256,"Ich bin ein sozialer und verbindender Mensch. Meine Familie, Freunde und Beruf sind mir wichtig. Ich versuche gerade durchs Leben zu gehen und für meine Meinung einzustehen. Ich lehne jegliche Menschenfeindheit ab. Ich lebe gern in Deutschland und bin Europäerin.",6.0,4.625,5.777777777777778,4.775,3.875,5.022222222222222,4.75,2.25,6.111111111111111
259,"Ich versuche perfekt zu sein. Klappt natürlich nicht immer.
Zusagen werden eingehalten, dazu gehört auch Pünktlichkeit, erwarte ich auch von anderen.
Wenig Selbstvertrauen, merkt auch mein Trainer im Bogensport.
Zahlreiche unterschiedliche Interessen. Langeweile kenne ich kaum.
Zeige nicht gerne meine Gefühle. 
",4.5,4.25,5.0,3.025,2.675,4.222222222222222,1.625,3.75,3.3333333333333335
260,"Arbeit wäre zu vermeiden, unruhig, neues sehen und entdecken, trotzdem ein zu hause haben wollend, reflektiert, mitunter zu sehr, gerne in Gesellschaft, aber gerne auch mal für sich seiend.
",4.625,3.25,4.555555555555555,4.1,4.225,3.8666666666666663,2.625,2.25,3.7777777777777777
261,"Ich bin ein 55-jähriger Rollstuhlfahrer. Ich verdiene freiberuflich (zu wenig) Geld als Journalist und Schreibtrainer, letzteres zum Beispiel mit Seminaren für Promovierende. Mein Ziel, als Kommunikationswissenschaftler an einer Uni zu lehren und zu forschen, habe ich nicht erreicht, obwohl ich extrem gut qualifiziert bin. Obwohl mir als Behindertem regelmäßig deutlich schlechter qualifizierte BewerberInnen vorgezogen wurden, habe ich meinen Humor nicht verloren.",4.0,3.5,5.111111111111111,3.775,3.125,4.733333333333333,2.25,5.375,4.555555555555555
266,"Ich bin ein freiheitsliebender Mensch, ruhig und eher zurückhaltend. In größeren Menschenmenge fühle ich mich oft unwohl und überflüssig. In Gruppen bin ich ein Teamplayer und kein Anführer.",2.125,1.375,4.666666666666667,3.4,2.1,4.111111111111112,1.25,1.0,2.7777777777777777
270,"Ich bin ein positiv denkender Mensch. Ich halte mich für sehr zuverlässig, bin ein guter Freund und gesellig. Ich bin empathisch und gerne für andere da. Leider fühle ich mich oft nicht richtig gesund und belastbar.",5.125,2.625,5.666666666666667,3.125,2.35,3.822222222222222,2.5,1.125,5.555555555555555
271,"Ich bin ein Kind aus einer Adoption, die nur egoistische Züge der Adoptions-Eltern hatte. Ich durfte keine höhere Schule besuchen und kein Musikinstrument richtig erlernen. Ich war begabt-in meinem Zeugnis stand öfter : Klassenbester.
Ich habe dann eine kaufmännische ""Karriere"" gemacht, weil ich ein bestehendes Geschäft übernehmen musste.
Ich machte das Beste daraus - mein Spitzname an der Fachschule in Pirmasens war ""Professor"".
Ich kann nur allen Eltern raten ihr Kind nicht wegzugeben aus solchen Gründen.",4.625,2.375,5.222222222222222,2.65,2.925,4.288888888888889,3.5,6.25,5.222222222222222
273,"Ich bin ein junger Mensch, dem Gemeinschaft mit anderen, das Leben von Freizeit und Musik sowie das Arbeiten mit anderen Menschen für eine bessere Welt wichtig sind. Ich bin offen und herzlich, bin interessiert daran, was meine Gesprächaspartner*innen wirklich bewegt und lache sehr gerne. Ich komme aus einer großen Familie und schätze jede*n Einzelnen davon sehr in ihrer*seiner Einzigartigkeit. Ich habe für mein Alter schon (teils ungewollt) viel erlebt und ertragen und habe auch meine Schwächen wie jeder andere Mensch auch. Ich lerne jede  Tag neu an mir und an anderen und über die Welt.",5.75,2.625,5.777777777777778,4.975,3.125,5.533333333333333,2.75,1.125,5.444444444444445
274,"Ich sehe mich als einen eher gewissenhaften Menschen, dem es aber mitunter an Geduld ermangelt. Neugier auf und Interesse an der Welt und Menschen motivieren Reisen. Bildende Kunst, Musik und Literatur bereichern mein Leben. Meine Familie wie auch Freunde sind mir wichtig.",5.0,2.75,5.444444444444445,4.125,3.2,4.288888888888889,4.25,1.75,5.888888888888889
275,"Ich bin ein empathischer, positiv denkender, engagierter Mensch, der das Leben liebt.
Natur und unser Lebensraum, wie wir ihn gestalten sind mir wichtig.
Familie ist mein wichtigster Anker, der mich hält und Sicherheit gibt.
Ich bin neugierig und lerne gerne dazu.
Und ich feiere und tanze gerne, und liebe kulturelle Veranstaltungen, die mich berühren.",6.0,3.75,6.111111111111111,5.575,3.2,6.022222222222221,4.625,1.25,5.666666666666667
276,"Engagierte, kommunikative, sportliche Frau. Immer voll berufstätig gewesen, seit 3 Jahren aber erst richtig im Beruf angekommen.
Immer offen für Weiterbildung und Neues. Begeisterte 3-fache Mutter und 2-fache Oma sowie seit 35 Jahren glücklich verheiratet. Ursprünglich geborene  Berlinerin, seit 20 Jahren in einem Dorf im Speckgürtel von Berlin lebend.",6.625,1.75,6.666666666666667,4.95,3.775,5.222222222222223,6.5,4.0,6.555555555555555
278,"Hallo. Ich kann zielbewusst, selbstverständlich und verständnisvoll sein, bin aber innerlich eher beherrscht und ungeduldig, unsicher und sehr selbstkritisch. Teilweise eher devot wenn ich jemanden liebe und doch verkannt als arrogant. 
Ich hoffe das reicht! So ehrlich und offen bin ich selten.",4.125,3.875,4.555555555555555,4.075,3.35,3.977777777777777,1.875,2.25,2.888888888888889
280,Ich bin leicht zu verunsichern und versuche langsam Selbstbewusstsein aufzubauen. Ich habe viele Ängste aber auch schon viele Hürden genommen. Meine Kinder sind das Wichtigste im Leben. Wenn ich jedoch nicht ernst genommen werde oder jemand mich zu sehr ausnutzt fahre ich die Krallen aus. Ich bin äußerst stur.,4.875,2.625,4.666666666666667,3.875,3.025,3.7777777777777777,3.625,4.375,2.888888888888889
281,"Ich bin ehrlich, zuverlässig, geduldig, flexibel, ausdauernd, feinfühlig, unischer, realistisch, abenteuerlustig, tolerant, kontaktfreudig, unternehmungslustig, unkompliziert, selbstkritisch, kreativ, stur und eigensinnig.
Ich tanze, lese, tauche, lache, esse, schlafe sehr gerne.
Nehme mit Begeisterung an Hindernissrennen teil, wie zum Beispiel Muddy Angel, Tough Mudder, Getting Tough The Race, European Tough Mudder, Colour Obstical Run oder auch am MegaMarsch in Hamburg.
Liebe die Natur und die Tiere, daher bin ich seit 6 Jahren Vegetarierin.
Mein größtes Glück, ist meine Zuckermaus, meine Tochter.",4.125,2.375,4.0,4.625,3.25,5.333333333333334,5.75,3.625,5.888888888888889
284,Ich bin eine alleinstehende Frau die eine Tochter hat. Ich arbeite Teilzeit und habe einen Hund. Ich habe ein paar Hobbys und bin viel mit Freunden und Arbeitskollegen unterwegs.,4.5,3.875,4.444444444444445,3.425,1.975,4.2,3.875,2.875,5.111111111111111
287,"Ich bin eine selbstbewusste Frau, die einen tollen Beruf hat. Ich habe ein Hobby, welches mich entspannt und mir viel Freude bereitet. Ich bin ehrenamtlich im Verein tätig. Mit meinem Leben bin ich sehr zufrieden. Ich verreise gern und entspanne mich beim Lesen von Romanen.",4.75,2.125,4.666666666666667,5.375,3.6,5.711111111111111,6.25,2.625,5.888888888888889
289,"Ich bin schon mehr als zehn Jahre im Ruhestand. 
Wobei das Wort ""Ruhestand "" mein Leben nicht korrekt beschreibt.
Ich bin frei, in großem Maß meinen Interessen nachzugehen.
Und die können sehr unterschiedlich sein.
Ausgebremst werde ich zur Zeit durch Corona.

",5.875,4.125,5.666666666666667,5.2,3.675,5.177777777777778,5.875,3.75,5.222222222222222
291,"Ich bin freundlich, nett und hilfsbereit. Andere beschreiben mich als sympathisch und verlässlich. Ich mag Strukturen und kann mit Ungewissheit nicht gut umgehen.",5.25,3.25,5.777777777777778,4.0,2.425,5.2,3.125,2.0,6.0
292,"In meinem bisherigen Leben habe ich Vieles richtig und Vieles falsch gemacht. Mit dem Erreichten bin ich zufrieden und fühle mich ausgeglichen und gesund. Mein Umfeld stimmt, denn es bringt mir viel Verständnis und Liebe entgegen. Freue mich auf die nächsten Jahre und das tiefere Eintauchen in den Ozean des Wissens. Fühle mich keiner Nationalität oder Nation zugehörig - mein Geist ist frei und unbelastet.",4.875,1.625,5.444444444444445,5.1,2.6,6.155555555555556,5.625,2.375,5.444444444444445
295,"Ich bin zufrieden, meistens aktiv und gesellig. Mir ist es wichtig, dass es meinen Freunden gut geht und sie mich mögen. Wenn einer meiner Freunde Hilfe braucht, bin ich zur Stelle. Ich gehe gern aus und bewege mich. Daheim fällt mir schnell die Decke auf den Kopf.",5.625,4.5,5.777777777777778,3.8,2.625,4.9111111111111105,3.5,1.25,5.777777777777778
296,"Vor 6 Jahren bin ich aus Tschechien nach Deutschland gekommen und lebe mit meinem Mann und kleinem Kind auf dem Land. Arbeite Teilzeit und in der Arbeit bin ich sehr zufrieden. Es gibt mir die Möglichkeit berufliches und privates Leben gut und entspannt zu gestalten. Garten, Sport und Yoga sind mir sehr wichtig. Ich reise und lerne gerne andere Kulturen kennen.",5.375,3.125,4.666666666666667,4.875,3.125,5.466666666666667,5.375,1.75,4.888888888888889
298,"Selbstmotivierte und dynamische Persönlichkeit mit Willensstärke und Durchsetzungsvermögen;
Ich liebe es selbstbestimmt und frei Aufgaben anzupacken und umzusetzen; Begeisterungsfähigkeit und meine Intuition unterstützen mich bei meinen Vorhaben; ich bin am besten, wenn man mich machen lässt; wenn man mich ausbremst, erlahmt schnell mein Elan; ich sehe in Veränderungen etwas Positives.",5.875,4.0,5.777777777777778,5.875,5.225,4.666666666666666,6.625,5.25,5.333333333333333
302,"Bin optimistisch und konnte mein Risiko einer Infektion mit schweren Folgen abschätzen. Ich akzeptiere die Situation so, wie sie ist.
Als Angestellter macht mir HomeOffice irre Spaß.
Mein leichtes Joggen oder jeden Tag ein Spaziergang von mindestestens einer Stunde bringt mir den Ausgleich.
Meine Kinder sehe ich per Video regelmäßig, eben nicht in der direkten Begegnung.
Banal, aber ich vermisse den Media Mark/Saturn.",6.0,1.125,5.111111111111111,3.825,2.5,4.666666666666667,5.375,1.5,4.222222222222222
307,"Ich bin hilfsbereit, lustig, verrückt. Mir liegt das Wohl anderer vor allem mir nahestehender Menschen am Herzen. Ich liebe die Natur, Reise gerne, bin weltoffen, mache aber auch gerne verrückte unkonventionelle Dinge, sowohl alleine als auch mit Freunden. Anstatt irgendwelchen Normen und Idealen hinterher zu rennen Versuche ich alles mit gesundem Menschenverstand und Humor zu nehmen und das Beste aus jeder Situation rauszuholen.",5.75,3.0,5.777777777777778,5.775,3.95,5.555555555555555,5.0,2.0,5.0
309,"Ich bin ein freundlicher, neugieriger und aufgeschlossener Mensch. Manchmal sehr ungeduldig und leicht gestresst. Meistens aber ruhig und gelassen.",4.875,4.0,5.444444444444445,3.9,3.25,3.9333333333333327,3.875,1.75,5.333333333333333
310,"Ich bin wissbegierig, kreativ und harmoniebedürftig.
Außerdem bin ich eher emotional, was mir nicht immer passt. 
Auch bin ich eher extrovertiert und habe keine Probleme neue Menschen kennenzulernen.
Allerdings bin ich auch oft faul und mag es mir Zeit für mich zunehmen.",5.375,3.75,4.444444444444445,4.95,3.375,4.977777777777778,2.625,1.75,5.0
313,"Ich bin ein positiver Mensch, gebe mein Bestes, Freundlich zu sein und hilfsbereit, was man mir fast immer rückmeldet.
Ich bin sehr kreativ, habe mir sehr viele Musikinstrumente selbst beigebracht und dann auch erfolgreich als Musikschullehrerin gearbeitet.
Ich liebe kognitive Herausforderungen in Form von Rätseln und kniffligen Puzzles mit vielen tausenden Teilen.
Als hochbegabter, funktionaler Autist fallen mir Sozialkontakte eher schwer, doch ich bin stets bemüht.
Psychisch schwer traumatisiert versuche ich alles, um ein gesundes Leben rund um all die Symptome zu bauen und mich nicht davon klein kriegen zu lassen, was beständig besser gelingt.",5.125,1.75,6.666666666666667,4.2,2.6,5.133333333333334,4.125,4.5,6.666666666666667
314,"Ich bin 73 Jahre alt, lebe seit 10 Jahren mit einem Kopftumor. Als früherer Altenpfleger arbeite ich noch 6 Tage im Monat in einer Einrichtung. Zudem studiere ich an der FernUni Hagen Geschichte. Ich befinde mich im Masterstudium. Ich hoffe, Ende des Jahres das Studium abschließen zu können.",5.0,4.875,5.0,3.475,2.225,4.644444444444445,6.625,5.125,6.222222222222222
315,"Ich bin sehr gewissenhaft, zielstrebig und verantantwortungsbewusst. Ich helfe gerne wenn ich kann und bin ein guter Zuhörer. Jedoch bin ich sensibel und brauche öfters eine Auszeit von meinen Mitmenschen.",5.375,3.875,5.555555555555555,4.25,2.675,5.177777777777779,2.625,1.75,5.888888888888889
316,"Ich bin mittelgroß, sportlich und habe 5 Kilogramm zu viel auf den Rippen. Beruflich bin ich ein Zahlenmensch und privat auch eher strukturiert. Herausforderungen nehme ich an und meistere sie im Allgemeinen auch. Ich feiere gern, singe laut mit - manchmal auch falsch, rede gern; sei jedoch auch eine gute Zuhörerin, sagen Freunde. Meine Arbeit macht mir viel Freude, ich gehe gern zur Arbeit.",6.5,3.75,6.111111111111111,5.5,3.65,5.444444444444445,6.0,3.125,6.333333333333333
317,"Meine Persönlichkeit ist sehr aufgeweckt.
Ich liebe es andere Menschen zum Lachen zu bringen.
Im Stress auf Arbeit bin ich manchmal ganz durcheinander.
Ich habe keine Schlafprobleme und brauche keine 5 Minuten zum einschlafen.
Arbeit und Privat kann ich sehr gut trennen.",5.875,2.5,5.888888888888889,3.475,2.5,4.2,3.875,2.375,5.888888888888889
318,"Ich bin ein Zweck-Optimist. Wenn mir zum Weinen zu Mute ist, versuch ich lieber zu  lachen. Ich bin ein Genußmensch und sorge dafür dass es auch meinem Umfeld gut geht. Mit meinem Mann führe ich seit nunmehr fast 46 jahren eine glückliche Ehe.",5.0,3.625,5.222222222222222,4.675,3.15,4.644444444444444,4.75,2.375,6.555555555555555
320,"Mein Name ist C.
Geboren und aufgewachsen bin ich im Ausland und lebe seit 22 Jahren in Deutschland.
Ich bin stolze Mutter von zwei Kindern und alleinerziehend.
Von Beruf bin ich Diplom-P. und MBH und arbeite bei einer Tochter der Stadt.
Mein Leben ist gut, ich bin zufrieden.",5.625,3.5,5.888888888888889,4.475,2.95,4.644444444444444,6.0,4.625,6.222222222222222
324,"Seit 19 Jahren lebe ich in der Schweiz und arbeite als Flugbegleiterin, das heißt ich reise im Jahr SEHR viel beruflich und auch privat in der Welt herum, liebe es, neue Kulturen/Länder/kulinarische Spezialitäten kennenzulernen. Wenn ich dann mal zu Hause bin, verbringe ich sehr gerne so viel Zeit wie möglich mit meinem Partner, aber ich genieße auch mal ein gutes Buch/Kinobesuch oder mich mit Freundinnen zu treffe. Ab und zu (spätestens nach 3 Monaten) zieht es mich in meine Heimat Berlin und zu meiner Mutter/Freunden/innen, die dort wohnen, so dass ich versuche, spätestens dann mindestens 3-5 Tage in meiner Heimat zu verbringen. Ich gehe lieber in der Natur spazieren als mich mit Konsumartikeln zu beschäftigen, ich bin nicht materialistisch veranlagt, esse lieber weniger, aber dafür gesund und lecker. Treibe (leider) nur mäßig Sport.",3.5,2.5,4.222222222222222,4.75,3.575,4.977777777777778,5.375,3.0,5.888888888888889
326,"Ich bin ein sehr strukturierter Mensch.
Ich bin optimistisch und neugierig.
Ich interessiere mich für vieles.
Ich glaube an das Konzept von Selbstwirksamkeit.
Ich bin gerne in nahem Kontakt bin aber auch gerne alleine.

",6.375,2.25,6.333333333333333,5.125,2.875,5.355555555555556,6.5,4.5,6.222222222222222
327,"Ich bin recht selbstbewusst, aber leider auch immer harmoniesüchtiger. Ich wünsche mir insgeheim die romantische Liebe, vermeide aber Nähe. Ich bin eher kopf- als gefühlsgesteuert. Ich denke eher männlich und verstehe mich auch eher mit Männern. Außerdem bin ich eher Einzelgängerin als Herdentier.",5.625,3.375,4.777777777777778,4.275,3.8,4.311111111111112,2.375,2.75,3.3333333333333335
329,"Ich freue mich über jeden Tag den ich gesund erleben darf.
Ich bin tolerant gegenüber meinen Mitmenschen.
Ich akzeptiere meine Schwächen.
Ich treibe gerne Sport.
Ich liebe das Leben.
",6.625,1.75,6.444444444444445,4.775,2.5,5.111111111111111,4.125,1.25,5.333333333333333
330,"Ich würde mich als wirklich glücklichen Menschen bezeichnen, der immer dankbarer wird für das hoch priviligierte Leben, das er führen darf! DANKBAR bin ich für ein liebevolles und kultiviertes Elternhaus und die dort erlernten Werte, die ich lebe: Ehrlichkeit, Gerechtigkeit, Empathie und Respekt für Andere! Ich bin ehrgeizig, erreiche meist, was ich mir vornehme, bin harmoniebedürftig, extrovertiert, ohne mich als Umbilicus mundi zu empfinden. Ungerechtigkeit, Leid und Gewalt besonders gegen Kinder machen mich tief betroffen. 
",6.25,3.875,6.666666666666667,5.425,3.25,5.444444444444445,5.875,2.0,6.555555555555555
331,"Ich bin ein Mensch, weiblich und optimistich.
Geprägt durch viel Liebe in meinem Elternhaus, sehr humanistisch erzogen.
Ich reagiere sehr auf das Leid anderer Menschen. 
Dabei vergesse ich oft an mich zu denken.
Ich lebe gern, manchmal auch nicht.",3.0,1.5,5.111111111111111,4.575,3.3,5.333333333333334,2.25,1.0,4.444444444444445
333,"Ich bin ziemlich unsicher, manchmal zu ängstlich. Allerdings bin ich offen und ehrlich, versuche aber niemanden zu verletzen. Ich kann mich schwer entscheiden.
",3.75,2.875,4.777777777777778,2.275,1.775,3.6222222222222222,1.25,1.125,2.5555555555555554
334,Ich bin eine ehrliche Person mit einer starken Persönlichkeit. Ich habe viele schwere Jahre in meinem Leben erfolgreich bewältigt. Ich bin humorvoll und liebenswürdig. Ich habe viel Empathie und helfe gerne anderen Menschen. Ich habe ein großes Herz und bin sehr stolz auf mich.,5.625,3.0,5.777777777777778,5.525,4.525,4.977777777777777,6.125,3.5,6.333333333333333
335,"Ich mache sehr gerne Sport und höre viel Musik. Ich helfe gerne anderen Leuten. Ich versuche oft, anderen zu gefallen. Ich kann mich oft nicht für die wichtigen Dinge motivieren und prokrastiniere oft. Ich halte aber Versprechen und Absprachen zuverlässig ein.",4.625,2.625,5.111111111111111,3.925,3.075,4.333333333333334,2.25,1.375,4.555555555555555
336,"Ich bin an vielen gesellschaftlichen und kulturhistorischen Fragen interessiert, liebe Musik und Kunst. Ich liebe außerdem die Natur, gehe gerne spazieren und liebe es im Urlaub zu campen. Ich bin sehr strukturiert, im Beruf gewissenhaft und verlässlich. Im sozialen Bereich bevorzuge ich wenige intensive Kontakte, meine Familie ist mir sehr wichtig. Ich neige zu Ängstlichkeit und habe ein ausgeprägtes Sicherheitsbedürfnis.",5.625,2.75,4.777777777777778,3.875,2.825,4.488888888888889,2.0,2.625,4.888888888888889
340,"Ich habe 2 Kinder, lebe getrennt vom Vater der Kinder, ich habe eine kleine Firma und bepflanze Dachterrassen. 
Ich bin lebenslustig, tanze gerne und treffe mich am liebsten mit Freunden. Ich bin zuverlässig und hilfsbereit, offen und kontaktfreudig. Ich habe Spaß an meiner Arbeit, verbringe gerne Zeit mit meinen Kindern aber auch gerne ohne sie. Ich mache Yoga und meditiere um einen Ausgleich zu meinen manchmal stressigen Tagen zu haben. Wenn es mal nicht so gut läuft versuche ich ruhig zu bleiben und Lösungen zu finden, was mir meistens gelingt. Meistens vertraue ich darauf, dass alles gut ausgeht.",5.75,3.142857142857143,5.111111111111111,5.25,3.325,5.222222222222222,6.125,2.5,6.666666666666667
342,"Ich kann nicht gut Entscheidungen treffen.
Ich habe feste Ansichten über Dinge und bin gleichzeitig tolerant.
Ich halte mich sehr zurück, wenn ich mich nicht wirklich wohl fühle.
Ich habe sehr hohe Ansprüche an mich.
Ich bin neugierig.",4.25,2.25,4.666666666666667,2.825,1.7,3.733333333333333,1.625,1.25,3.3333333333333335
343,"Ich bin inzwischen 20 Jahre glücklich  verheiratet, ingesamt hat das Leben es gut mit mir gemeint.
In Zeiten von Corona empfinde ich insbesondere demütig mein bisheriges Leben",5.5,1.75,4.111111111111111,4.4,2.55,5.066666666666667,4.625,1.0,4.777777777777778
344,"Ich bin ein lebensfroher Mensch.
In 5 Vereinen bin ich aktives Mitglied ( zur Zeit nicht, wegen Corona)
Langeweile kenne ich aber auch zu Corona Zeiten nicht, weil ich gerne Handarbeiten und Basteleien mache, für die ich jetzt mehr Zeit habe.
Ich freue mich schon drauf meine Enkelchen wieder zu besuchen, wenn Corona vorbei ist.
Bis dahin telefonieren wir viel, schreiben WhatsApp Nachrichten, Bilder und Videos.",6.375,2.5,5.222222222222222,5.525,2.975,6.022222222222223,5.5,2.0,5.555555555555555
350,"Ich bin zuverlässig, pünktlich, zufrieden mit meinem Leben und meiner Familiensituation. 
Ich arbeite gerne und viel, bin fröhlich und helfe gerne anderen Menschen.",4.875,3.375,4.777777777777778,4.65,2.975,5.466666666666667,4.875,2.0,6.0
351,"Mir sind Kontrolle über mein Leben und Unabhänhigkeit wichtig. Ich will frei sein, alles planen und Spaß haben. Mir sind Harmonie und ein intakter Freundeskreis wichtig. Ich brauche Ordnung. Ich weiß genau was ich will.",4.875,5.285714285714286,6.222222222222222,6.0,5.125,5.6,6.625,4.125,5.888888888888889
354,"Ich bin ein offener, extrovertierter Mensch mit vielen Träumen und Zielen.
Ich musste schnell lernen selbstständig zu handeln und für mein Handeln die Verantwortung zu übernehmen.
Ich liebe das Leben mit all seinen Schwierigkeiten.",5.25,3.875,5.444444444444445,5.575,4.625,5.4,6.625,4.5,6.555555555555555
355,"Ich glaube ich bin eine weltoffene, neugierige, kommunikative Person, die auch über den Tellerrand hinaus schaut.

Andererseits bin ich oft auch gleichermaßen eine menschenscheue, depressiv verstimmte und komplizierte Einzelgängerin.

Ich beschreibe mich ausserdem als eine sehr soziale, hilfsbereite Frau die auch ihrem Feind ihr letztes Hemd geben würde. 

Ich stelle hohe Ansprüche an mich selbst und auch an andere, die selten erfüllt werden. 

Ob ich aber tatsächlich so bin wie ich mich sehe, können nur andere beurteilen.",4.375,3.375,4.222222222222222,4.675,3.725,5.022222222222223,1.625,2.375,3.111111111111111
357,"Ich bin Pensionär nach über 40 Jahren im Schuldienst. Gesundheitlich fühle ich mich fit und habe Spaß am Leben, wenn auch derzeit durch Corona sehr eingeschränkt. Meine Hobbys sind die Motorfliegerei und die Fotografie. Habe Spaß an der Gartenarbeit. Lebe seit 16 Jahren (nach dem Tod meiner Ehefrau) in einer eheähnlichen Beziehung.",4.625,2.125,4.777777777777778,4.95,3.725,4.7555555555555555,5.5,3.625,6.555555555555555
359,"Ich würde mich als sehr aufgeschlossen und harmoniebedürftig beschreiben. Ich bin Sozialarbeiterin und arbeite als rechtliche Betreuerin. Durch meine ruhige Art kann ich Situationen gut einschätzen. Ich denke sehr viel nach, manchmal vielleicht auch zu viel und stehe mir dadurch selbst im Weg.",4.75,1.25,5.888888888888889,4.7,3.2,5.311111111111112,3.25,1.75,6.555555555555555
361,"Ich arbeite viel und gerne.
Ich bin sachlich und ein Kopfmensch.
Ich nehme mir wenig Zeit für Freizeit.
Ich bin gerne gut informiert.
Ich erkläre Dinge gerne.",5.375,3.375,4.444444444444445,5.375,3.95,4.8,5.0,5.5,5.555555555555555
362,Ich sehe mich als stark chancenorientierten Menschen und versuche aus allem das Beste zu machen. Optimismus ist mir in die Wiege gelegt worden. Menschliche Beziehungen sind für mich das Allerwichtigste im Leben.,6.125,3.75,5.555555555555555,5.725,4.125,5.733333333333333,5.75,2.25,6.222222222222222
367,"Ich bin in der Regel gelassen und lasse etwas auf mich zukommen. Sportlich bin ich auch.
Behalte gern den Durchblick, bin nicht sehr neugierig, lasse Freiraum.

Bin nicht sehr karriereinteressiert, leiste aber gute, beständige Qualität und Quantität.
Habe gerne Ruhe oder auch gerne Kontakte, mit Menschen die nicht so unruhig sind.",5.25,1.5,5.555555555555555,4.1,3.25,4.28888888888889,2.25,1.0,4.555555555555555
372,"Ich bin eine vielseitig interessierte, agile Pensionärin. Ich lese diverse Zeitungen als e-paper, mag Dokumentationen und bin gern mit anderen zusammen, lebe allerdings seit mehr als 20' Jahren allein.",5.25,1.75,4.888888888888889,4.75,3.175,4.977777777777777,5.125,3.625,4.333333333333333
376,"Ich bin ein Familienmensch, dem enge Kontakte mit den Kindern und Schwiegerkindern wichtig sind und ich habe ein starkes Gefühl der Kontinuität mit meinen Eltern und Großeltern. Ich habe Freude an der Musik und am gemeinsamen Musizieren mit meinem Mann und anderen Orchestermusikern. Ich freue mich, immer noch etwas dazulernen zu können, v.a. musikalisch weiterzukommen, aber auch in anderen Bereichen,  zum Beispiel Fremdsprachen. Ich helfe gerne anderen Leuten und bin ehrenamtlich in meherern Bereichen tätig, was mir meistens viel Freude macht. Ich bin zufrieden mit meinem Leben  und teile gern mit Leuten, denen es nicht so gut geht wie mir/uns.",5.125,3.25,5.111111111111111,4.425,2.85,5.155555555555556,4.5,1.125,5.555555555555555
377,"Ich bin ein optimistischer Mensch.
Ich bin sehr wissbegierig und interessiere mich für verschiedene Bereiche rund um die Themen Mensch und Natur.
Ich möchte mich persönlich weiter entwickeln.
Ich möchte mein Wissen gerne weiter geben und 
ich freue mich, wenn es anderen nützt.
",5.5,2.125,5.888888888888889,4.8,3.45,5.111111111111112,4.875,1.25,6.444444444444445
378,"Ich bin kreativ und wissbegierig. Außerdem bin ich unheimlich freiheitsliebend und lasse mich nicht gerne einengen. Weiterhin bin ich immer offen für Neues und probiere alles mögliche aus. Bin auch sehr warmherzig, stecke voller Energie und immer bereit alles zu geben. Bin wissbegierig, gehe konsequent meinen Weg und kann gut zuhören.",3.5,2.125,5.444444444444445,4.875,4.4,4.488888888888889,5.625,4.375,6.111111111111111
379,"Sehr interresiert an Dingen und ihren Zusammenhängen. 
Ich gehe den Dingen auf den Grund, bis ich es verstanden habe.
Das mnacht es manchen Menschen schwierig mit mir umzugehen.
Ansonsten äußerlich ruhig, werde nicht aufbrausend, aber innerlich doch manchmal aufgeregt.
Ungerechtigeiten werden für mich zum Problem, kämpfe dagegen an, auch mit ungewissem Ausgang.",3.875,3.375,5.555555555555555,3.825,4.825,3.6888888888888887,4.25,5.75,3.888888888888889
380,"Ich bin empathisch, gesprächsfähig und ernsthaft.
Ich erfülle meine Aufgaben gern gut und engagiert.
Ich bin aufgeschlossen und kontaktfreudig.
Ich bin gern phasenweise allein.
Ich mag Kunst und Kultur, sowie den Kontakt zur Natur.",5.875,2.625,5.888888888888889,5.55,2.975,5.91111111111111,4.625,1.25,6.666666666666667
381,"Ich bin recht sportlich. Manchmal neige ich zur Lethargie. Der Beruf belastet mich zuweilen. Mit meiner Rolle in der Partnerschaft bin ich zufrieden. Ich bin gern unter Leuten, habe aber auch gern Ruhe.",4.75,2.25,4.111111111111111,3.75,2.55,3.9555555555555557,4.25,2.25,4.222222222222222
386,"Mein Mann sagt, dass ich gerade sehr zufrieden aussehe und fragt, was ich gerade mache. Nun, ich denke darüber nach, welche fünf Sätze mich wohl beschreiben könnten. Das finde ich sehr lustig und sehr aussagekräftig. Ich bin zufrieden, wenn ich über mich nachdenke, wie schön und welch eine neue Erkenntnis. Nun, ich bin eine Frau, mittleren Alters und mittlerer Intelligenz aus der Pfalz, vom Dorf genau genommen, klein, dick, Locken auf dem Kopf und irgendwie auch im Kopf, oft lustig, meist geordnet und organisiert, manchmal wütend und manchmal traurig wegen dem, was mir im Leben widerfährt, chronisch krank seit meiner Kindheit, verheiratet, Mutter einer Tochter, dem Mystischen und Spirituellen zugetan und interessiert an fast allem, was mir begegnet, weltoffen, fordernd, erwartungsvoll, liebevoll, aufmerksam, tierlieb und sicher gäbe es noch tausend andere Adjektive, die mich beschreiben, aber dieser letzte Satz ist nun wirklich lang genug.",5.25,4.125,5.0,4.225,2.6,4.688888888888888,5.125,5.0,4.777777777777778
387,"Ich bin eine ehrliche und verlässliche Person. Von klein auf gehe ich Aufgaben und Aussagen konform. Ich bin eher zurückhaltend, muss nicht im Mittelpunkt stehen, wobei das ab und zu mal auch schön sein kann. Ich bin offen und tolerant Anderen und deren Meinungen gegenüber, bin auch interessiert. Manchmal aber auch etwas faul, was mich öfter dazu brachte langsamer zu sein als andere oder später durchzustarten.",4.5,2.375,5.0,2.925,1.65,4.4,1.75,1.0,4.111111111111111
388,"Ich war verheiratet, bin schon seit 1979 geschieden und habe einen 51jährigen Sohn. Zur Zeit habe ich eine Freundin (Partnerin), wir leben aber nicht beständig in einem Haushalt, sondern oft jeder für sich.
Nach 45 Jahren im Schuldienst bin ich jetzt Pensionär. Da der Beruf als Mathematik- und Physiklehrer mir viel Freude gemacht hatte, habe ich nach der Pensionierung noch länger gearbeitet. 
Ich habe eine Katze als Haustier, Tiere habe ich seit meiner Kindheit um mich.",4.75,1.625,5.111111111111111,5.775,4.75,4.933333333333333,6.125,4.25,6.0
390,"Ich bin oft ängstlich, vorsichtig, unsicher, schüchtern.
Ich bin oft traurig, müde, verzweifelt, nachdenklich.
Ich bin hilfsbereit, freundlich, tolerant, wertschätzend. 
Iich bin sehr sensibel, fühle zu viel, nehme mir vieles zu Herzen
Ich bin empathisch, kann mich gut in andere hinein versetzen.
",2.875,1.0,3.4444444444444446,2.975,2.2,3.6444444444444444,1.25,1.0,3.111111111111111
391,Ich bin ein Chamäleon und Paradoxon. Ich bin ordentlich und doch chaotisch. Ich bin penibel und laizze-faire. Ich bin kreativ und denke gerne um die Ecke. Ich liebe Ordnung und Perfektion.,3.625,4.25,5.111111111111111,3.45,3.95,3.7111111111111112,3.875,4.25,3.4444444444444446
392,"Ich bin 57 Jahre alt, arbeite als niedergelassene Ärztin in einer Gemeinschaftspraxis. 
Ich bin verheiratet und habe zwei erwachsene Kinder. 
Diese leben nicht mehr zu Hause, ich bin stolz auf meine Kinder.
 Meine Arbeit macht mir Spass. 
Ich bin mit meinem derzeitigen Leben zufrieden.",3.875,1.75,4.555555555555555,6.15,3.725,6.066666666666666,6.75,4.625,6.777777777777778
395,"Ich bin eine sportlich aktive und naturverbundene Person. Ich bin eher introvertiert und stehe nicht gerne in Mittelpunkt. Im Job habe ich einen Hang zum Perfektionismus, bin pflichtbrwusst und lege hohe Standards an mich selber an. In meiner Freizeit backe ich sehr gerne, da ich gerne etwas mit meinen Händen erschaffen möchte.",3.125,1.5,5.111111111111111,3.9,2.225,5.377777777777777,2.25,2.0,6.0
397,"Ich bin mitfühlend, humorvoll und anpackend. Dabei muss ich darauf achten, nicht zu bestimmend zu werden. Ich bin vieles, was unterschiedlich ist: Spielkind und ernst, tiefsinnig und seicht, verständnisvoll und manchmal engstirnig, unkompliziert und zickig. Ich mag gerne über den Tellerrand gucken und auch, wenn ich manchmal unsicher bin, bin ich im Großen und Ganzen mit mir zufrieden.",5.75,3.75,5.111111111111111,4.175,3.525,4.688888888888888,6.375,5.375,4.777777777777778
398,"Bin introvertiert, gerne für mich, sehr Ruhe bedürftig. Ich hasse das, wenn Menschen meine Grenze überschreiten.",2.75,1.25,5.444444444444445,3.35,2.5,3.6444444444444444,2.125,4.0,3.3333333333333335
399,"Anspruchsvolle Situationen und Aufgaben sind für mich spannende Herausforderungen. Komplizierte Themen sind für mich in Einzelteile zu zerlegende Schritte. Menschen unterstütze ich gern auf ihrem Weg, auf dem ich sie gern begleite. Ich kann im Mittelpunkt stehen, muss es aber nicht. Ich habe bei zu vielen Dingen eine fundierte Meinung, die ich  gern Hinterfrage und fast nie ungefragt verbreite.",4.625,2.25,5.333333333333333,6.275,4.225,6.222222222222222,5.875,1.625,6.777777777777778
401,"Bin ein lebensbejahender Typ. Bin gern unter Menschen die mir vertraut sind. Beobachte gern andere Menschen. Dabei fallen mir
besonders die Typen der Wichtigtuer, Hecktiker und Profilierungsneurotiker auf. Kann aber auch gern ruhig sitzen und entspannt 
die Umwelt genießen.
",4.375,3.0,4.333333333333333,4.925,3.15,4.644444444444445,3.25,4.125,3.4444444444444446
403,"Im Großen  und  Ganzen  bin ich ein positiv denkender Mensch. Nur sehr selten habe ich Anderen gegenüber  Vorurteile. Ich möchte das Gute in jedem sehen und hoffe, das es vorhanden ist.  Ich bin zurückhaltend. Meistens bin ich gern allein und fühle mich dabei nicht einsam.",4.375,1.625,5.333333333333333,3.75,1.925,4.7555555555555555,2.0,1.0,3.7777777777777777
411,"Ich bin ein sehr gewissenhafter, aufrichtiger und extrem ordnungsliebender Mensch. Ungerechtigkeit mag ich gar nicht! Am liebsten verbringe ich Zeit mit meiner Familie! Sie liegt mir sehr am Herzen!",5.0,1.375,4.777777777777778,3.825,3.225,4.822222222222222,2.625,4.375,5.222222222222222
418,"Ich bin 59 Jahre alt. Meine Haarfarbe ist mittelblond. Ich bin 1,62 groß und wiege 59 kg. Ich bin lustig und neugierig.",4.0,3.625,4.333333333333333,4.2,3.375,4.555555555555555,4.875,3.0,4.777777777777778
419,"Ich bin ein offener und kommunikativer Mensch. Für mich ist es wichtig meine Gedanken und Gefühle mit anderen Menschen zu teilen und Anregungen zu bekommen. Ich habe oft schlechte Erfahrungen gemacht, weil ich  Menschen zu sehr vertraut habe. Das hat mich tief verletzt und auch verändert. Ich arbeite in einem sozialen Beruf und bin sehr gut darin Menschen zu beraten und sie professionell ein Stück auf ihrem Weg zu begleiten. Ich werde geschätzt dafür. Privat lebe ich allein.",5.125,3.25,5.222222222222222,4.35,3.475,5.088888888888889,3.75,2.25,5.333333333333333
420,Ich bin verheiratet und Mutter von zwei Kindern. Ich arbeite eigenverantwortlich und in Vollzeit in einer mittelständischen Firma in der Medienbranche.,6.375,3.75,6.111111111111111,4.925,3.35,5.155555555555556,5.625,4.5,6.444444444444445
422,"Ich bin ein offener und ehrlicher Mensch, habe aber im Laufe meines Lebens gelernt, dass die Wahrheit nicht jeder hören möchte und verkneife mir deswegen auch öfter eine Aussage. 
Ich bin relativ ausgeglichen und meist entspannt und versuche Situationen neutral zu betrachten und bewerten. Oft versuche ich in allem nur das positive zu sehen.
Ich brauche Nähe, Geborgenheit aber käme auch gut alleine klar, Homeoffice liegt mir ;)
Ich würde gerne Psychologie studieren, mir fehlt allerdings das (sehr gute) Abitur dazu.",4.625,4.0,4.777777777777778,3.75,3.0,3.8666666666666663,2.0,1.125,5.111111111111111
423,"Ich bin seit 2 Monaten Rentner.
Habe eine schwere Depression hinter mir.
Ich bin zum 2. mal verheiratet aber gerade nicht glücklich.
Ich bin ein ruhiger, nachdenklicher Typ, sehr schweigsam.
Verlasse ungern mein Haus.
2019 hatte ich eine sehr schwere OP.
",3.125,1.75,3.4444444444444446,2.875,2.525,2.6222222222222222,1.125,1.75,1.5555555555555556
424,"Spontan, tolerant, aufgeschlossen, gutmutig und manchmal aber sehr nachtragend. Verfüge über ein sehr gutes Personengedächtnis. Leider aber auch ein sogenanntes ""Schubladengedächtnis"". Sehr selbstkritisch und reflektierend.",4.875,3.25,6.0,5.2,4.325,4.8,3.0,3.25,3.4444444444444446
426,"Ich bin ein empatischer Mensch.
Ich bin Handwerklich begabt.
Ich bin hilfsbereit.
Ich mag es ordentlich.
Ich neige dazu Dinge auf den letzten Drücker zu bearbeiten.",4.25,4.375,6.555555555555555,5.2,3.15,5.311111111111111,3.25,1.75,6.111111111111111
429,"Ich bin ein neugieriger Mensch.
Sprache und Kommunikation sind mir sehr wichtig.
Gleichförmigkeit ist mir nicht so angenehm.
Ich brauche immer wieder neuen Input für den Geist und Kopf.
Manchmal bin ich sehr ungeduldig.",5.125,3.125,4.777777777777778,4.825,3.75,4.977777777777778,4.5,4.5,5.0
432,"Ich bin 69 Jahre alt, weiblich und verfüge über eine kaufmännische als auch akademische Ausbildung im medizinischen Bereich. Trotz meines Alters empfinde ich mich immer noch als sehr rege und suche Herausforderungen im alltäglichen Leben, um meine stete Neugierde zu befriedigen. Mit zunehmendem Alter sind mir die gesundheitlichen Aspektge des Lebens immer wichtiger geworden, was ja ohnehin schon durch meine Berufswahl als Meziner impliziert ist. 
Trotz meines kommunikativen Wesens lege ich Wert auf Rückzugsmöglichkeiten, um meine persönlichen Dinge und Ambitionen erledigen und ausleben zu können. Dieses wird mir mit zunehmendem Alter immer wichtiger.",5.375,4.125,5.0,5.4,3.6,5.644444444444444,6.125,3.875,6.111111111111111
437,"Ich bin gross und schlank. Ich spreche vier Sprachen fliessend. Ich bin Vegetarierin. Ich lebe in einer WG und mag das auch sehr gern, würde jedoch nicht mit einem Partner oder einer Partnerin zusammenleben wollen. Meine Lieblingsfarbe ist schwarz.",6.125,4.75,5.111111111111111,5.225,4.75,5.022222222222221,6.0,3.75,5.333333333333333
438,"Ich bin lebensfroh, herzlich und komme gerne mit Leuten ins Gespräch.
Leider bin ich auch sehr nachdenklich und grübele viel. Es fällt mir sehr schwer Entscheidungen zu treffen.
Ich bin ein sehr emotionaler Mensch und habe oft Stimmungsschwankungen.",3.375,3.25,3.111111111111111,3.7,2.275,4.555555555555555,1.625,1.5,2.6666666666666665
439,"Ich bin sehr ordentlich und strukturiert.
Manchmal fehlt mir die nötige Toleranz um meine Mitmenschen anders sein zu lassen.
Ich bin relativ diszipliniert.
Ich bin meistens glücklich und zufrieden.
",5.25,2.875,5.111111111111111,5.025,4.925,4.533333333333333,4.875,5.875,3.111111111111111
440,"Ich bin Mutter.
Ich arbeite in einem Altenheim.
Ich bin unternehmungslustig und gerne unter Menschen. Ich bin auch gerne mal alleine.",3.75,1.75,4.555555555555555,4.975,3.275,5.2,4.875,3.0,6.111111111111111
441,"Ich bin Mutter von zwei Töchtern, Ehefrau, Arbeitnehmerin in Teilzeit, Schatzmeisterin in einem KITA-Verein und Cheforganisatorin in allen Familienangelegenheiten.
Meine wichtigsten Eigenschaften sind: gut organisiert, unkompliziert, immer für alle da, kreativ, fürsorglich.",4.125,3.125,4.444444444444445,5.1,4.4,5.2444444444444445,5.5,4.5,6.666666666666667
442,"Ich leide in der aktuellen Krise wieder unter alten Depressionen, die ich besiegt glaubte. Eigentlich bin ich ein positiver Mensch und helfe gerne anderen. Ich liebe meinen Hund, fühle mich aber trotzdem oft überlastet mit ihm, weil ich immer raus muss trotz körperlicher Einschränkungen, die ich erst hinterher leider bekommen habe. Ich mag meine Arbeit sehr. Ich habe Angst vor der Zukunft, gerade jetzt.",4.75,1.875,6.111111111111111,3.0,1.975,4.177777777777778,1.875,1.25,3.0
447,"Bin ein offener und neugieriger Mensch, der versucht alles positiv zu sehen. Aber manchmal verzweifle ich auch fast an der menschlichen Dummheit. Mein Motto: CARPE DIEM. Ansonsten glaube ich nichts, halte aber alles für möglich.",4.25,1.625,5.333333333333333,3.925,3.775,3.8888888888888884,3.0,4.125,3.5555555555555554
448,"Ich liebe das Leben. Je älter ich werde, desto besser wird es. Das Reflektieren von Erfahrungen macht mich selbstbewusster. Als junge Frau war ich viel unsicher.",4.875,2.125,5.333333333333333,4.7,4.075,5.511111111111111,6.5,3.25,4.888888888888889
449,"Weniger ist mehr. Flexibel, aufgeschlossen, fröhlich, Menschenfreund,  lachen, energetisch, zornig bei Ungerechtigkeit,  Ruhe geniessen, Yoga und Spinning , Reisen um die Welt, zu Hause ist es auch sehr schön, Sehnsucht nach dem Leben, Gesunheit und Freunde...GLÜCK!!!",6.0,2.875,5.666666666666667,4.975,3.725,4.5777777777777775,5.25,2.875,5.0
451,"Ich bin bin flexibel, phantasievoll, wissensdurstig. Ich interessiere mich sehr für die Natur und fühle mich mit ihr verbunden. Ich habe ein gutes Leben und bin dankbar für die reichhaltigen Möglichkeiten, es gestalten zu können. Allerdings mache ich mir auch große Sorge um Ausbeutung, Klima, Natur.",5.125,3.75,5.0,4.325,2.75,4.866666666666667,5.0,1.75,5.333333333333333
453,"Zu meiner Person kann ich sagen, dass ich sehr harmoniebedürftig bin und Streit verabscheue, jedoch scheue ich keine Auseinandersetzung. Geduld gehört nicht zu meinen Stärken und ich kann auch schlecht abschalten oder entspannen. Mein Temperament ist sehr aufbrausend.",5.75,6.0,5.777777777777778,5.425,5.4,3.4888888888888885,3.5,5.125,2.111111111111111
455,"Ich bin ein sehr positiv eingestellter und lebensfroher Mensch, der gern Neues erkundet. Meine unternehmerische Persönlichkeit faltet sich nicht nur beruflich, sondern auch privat aus. Zweisprachig mit doppelter Staatsbürgerschaft in Deutschland aufgewachsen, zeichnet sich meine Persönlichkeit durch kulturelle Elemente meiner beiden Nationalitäten aus. Ich bin sehr selbstbewusst und kenne meine Stärken und Schwächen gut.",6.625,4.875,6.777777777777778,5.55,4.2,5.5777777777777775,6.625,5.75,6.0
456,"Ich bin humorvoll, resilient, warmherzig, empathisch, habe Phantasie und Intelligenz.Vor allem bin ich offen für das, was mir in meiner persönlichen Entwicklung hilft. Probleme sehe ich als eine Herausforderung, aus der ich lernen kann.   
Ich bin manchmal faul, oft undiszipliniert, habe Probleme mit meinem Zeitmanagement und mit dem Überblick über zu viel Papierkram.",6.0,2.375,5.555555555555555,4.675,2.2,5.244444444444445,5.5,2.125,6.111111111111111
457,"Ich würde mich als freundlich, hilfsbereit und aufgeschlossen bezeichnen.

Wichtig sind mir meine Familie und soziale Kontakte.

Ich erlebe mich selbst als positiv denkenden Menschen.

Täglich neu hinzuzulernen ist mir wichtig.

Kreativ zu sein, zu lesen, in der Natur zu sein, bereitet mir Freude.

",5.25,3.375,5.555555555555555,5.025,2.375,5.955555555555554,3.375,1.0,5.777777777777778
459,"Ich bin Beamtin im Ruhestand, habe BWL studiert und habe Spass im Ruhestand in verschiedene Studiengängen als Gasthörer reinzuschnuppern. Einfach so,um geistig fit zu bleiben.
Weiterhin treibe ich viel Sport,bin gern mit Freunden unterwegs und unternehme was mir gefällt.
Da ich finanziell abgesichert bin, kann ich mir all das leisten.",4.875,2.0,3.888888888888889,4.425,3.05,4.533333333333333,5.375,3.5,5.555555555555555
460,"Eigentlich bin ich ein eher optimistischer Mensch. Ich habe aber leider Gelegenheiten in meinem Leben verstreichen lassen, die ich nie wieder bekomme. Manchmal entdecke ich in mir eine seltsame Mischung aus Ehrgeiz und Faulheit. Ich bin wissbegierig und vielseitig interessiert. Ich glaube, manche sehen mich als Sonderling an.",5.25,4.375,4.666666666666667,4.2,2.9,4.866666666666666,2.0,2.125,3.111111111111111
463,"Ich bin zielstrebig und manchmal ungeduldig, wünsche mir hin und wieder etwas mehr Gelassenheit. 
Entspannung finde ich am besten an der frischen Luft beim Bergwandern oder Skifahren.",4.875,3.857142857142857,5.777777777777778,5.55,5.1,4.933333333333334,4.875,4.5,5.333333333333333
465,"Ich bin eine nicht freiwillig alleinlebende, voll berufstätige, sportliche und kulturell interessierte Frau und Mutter im letzten Lebensdrittel. Ich bin eher groß, blond, schlank, von anderen als eher unattraktiv eingeschätzt. Dies entspricht oft nicht meinem Selbstbild. Mir sind Integrität, Solidarität, Verantwortung, Toleranz, Offenheit und Ehrlichkeit wichtig. Ich verhalte mich ganz überwiegend angepasst, gehe jedoch auch manchmal an und über Grenzen.",3.5,1.5,4.555555555555555,3.375,2.925,3.9111111111111105,3.75,4.5,4.111111111111111
471,"Ich bin ein ruhiger, ordnungsliebender Mensch bzw. mag gerne strukturierte Arbeitsabläufe. Ich habe wenige aber sehr enge soziale Beziehungen, bei denen ich mich komplett öffnen kann. Ich bin offen, freundlich und hilfsbereit. Ich bin harmonieliebend und kann mit Konflikten nicht sehr gut umgehen. Ich interessiere mich für viele Dinge und probiere immer wieder etwas neues aus, bei dem ich dann aber oft nicht lange bleibe.",4.625,2.25,5.555555555555555,3.15,1.75,4.733333333333333,1.625,1.0,4.777777777777778
472,"Ich bin ein unsicherer Mensch, der zu viel Verantwortung hat. Ich bin introvertiert und komme meistens sehr gut mit mir allein zurecht, lebe in einer Partnerschaft mit einem ebenfalls introvertierten Mann und wir sind einander genug.",3.625,2.25,4.0,2.675,1.5,4.133333333333333,1.375,1.625,3.6666666666666665
474,"Ich bin 53 Jahre alt und wuchs in einer kleinen Ortschaft im Rhein-Main-Gebiet auf. Trotz meiner Körpergröße von 186cm und einer Körpermasse von 95kg bezeichne ich mich als sportlich. Meine schulterlangen Haare verlieren zusehends ihre ehemals dunkelbraune Farbe und werden von den Schläfen aus seit einigen Jahren langsam aber unaufhaltsam grau. Mein derzeitiges Haupinteresse gilt meinem inzwischen 21 Monate alten Golden-Retriever-Mädchen, mit der ich sehr viel meiner freien Zeit verbringe.",4.125,2.125,3.888888888888889,4.275,3.6,3.6444444444444444,4.0,2.625,4.666666666666667
477,"Studieren gibt mehr Freiheit als arbeiten. Nur wer reist, lernt sich selbst kennen. Andere Kulturen zeigen, in welchem Umfeld man leben möchte. Erfahrungen formen die Persönlichkeit. Deswegen beschreiben diese Sätze mich.",5.125,1.875,5.111111111111111,5.275,3.125,5.4,4.125,2.375,2.7777777777777777
478,"Ich bin offen, freundlich, herzlich, einfühlsam, vertrauenswürdig, naturliebend. Bin gern unter Menschen und ich persönlich bin glücklich, wenn ich andere Menschen glücklich machen kann.",5.25,1.75,5.888888888888889,4.925,2.775,5.244444444444445,2.75,1.125,5.888888888888889
479,"Ich bin ein offener Mensch, der dennoch sehr unberechenbar rüber kommt. Ich bin gelassen und ruhig. Habe viel Ausdauer und Geduld. Kann aber auch manchmal das komplette Gegenteil verkörbern und empfinde mich oft als anstrengend.",4.875,2.5,4.888888888888889,4.625,4.475,4.177777777777778,3.375,4.75,3.0
480,"Ich bin ein optimistischer Mensch, der seine Freiheit braucht, aber in gewissen Lebensbereichen auch Sicherheit benötigt. Ich bin spontan, ehrgeizig und benötige Abwechslung. Daher bin ich begeisterungsfähig, vielseitig interessiert,  kann überzeugen, setze mich aber auch mit Meinungen anderer auseinander, Gerechtigkeit ist mir wichtig. Ich spreche auch unangenehme Dinge aus, auch wenn ich weiß, dass dies nicht nur gut ankommt. Ich werde als starke Persönlichkeit wahrgenommen, was sich nicht gänzlich mit meinem Selbstbild deckt.",5.375,3.125,5.0,6.225,4.2,5.622222222222223,6.625,6.125,6.222222222222222
481,"Ich interessiere mich für medien-/sozialwissenschaftliche und psychologische Themen (deswegen mache ich auch hier mit und würde mich übrigens freuen, wenn ich das Buch bekomme. :D). Ich bin dem Leben prinzipiell positiv eingestellt und versuche Leute nicht vorschnell zu verurteilen. Ansonsten denke ich, ich bin relativ normal und wirke nach außen vielleicht ein wenig unscheinbar. Ich hab zwar einen komplett anderen Bereich studiert, träume aber immer noch davon, Jugendbuchautorin zu werden. 
",4.125,2.625,4.888888888888889,4.4,2.825,5.111111111111112,2.375,1.125,4.444444444444445
485,"Ich bin ein freundlicher, zurückhaltender Mensch. Ich unternehme gerne Zeit mit meiner Freundin, meiner Familie und meinen Freunden. Ich genieße aber auch Zeit für mich alleine. Ich liebe Bücher, Filme, Musik und Serien.",4.5,3.0,4.555555555555555,3.375,2.425,5.155555555555556,2.5,1.0,4.555555555555555
486,"Ich bin ein normalerweise gut gelaunter Mensch. Außerdem bin ich vielseitig begeisterungsfähig. Eines meiner größten Leidenschaften ist kreatives Arbeiten, vor allem Zeichnen und Malen. Ich verbringe gerne Zeit alleine, aber auch gerne mit meinen Freunden.",6.125,3.125,5.888888888888889,4.525,2.475,4.9111111111111105,4.25,1.625,4.888888888888889
489,"Ich bin sportlich, offen und interessiert gegenüber Neuem. Mir ist meine Familie sehr wichtig, jedoch streiten wir uns oft. Ich kann gut Zeit mit mir selber verbringen.",5.25,3.625,5.222222222222222,4.225,3.4,4.155555555555556,2.0,4.75,3.888888888888889
491,"Ich bin eine offene Person, gehe also selbstbewusst auf Menschen zu und bin kontaktfreudig. Zu meinen Stärken zählen Empathie, Zuverlässigkeit und Selbstständigkeit. Ich bin harmoniebedürftig und bin kein Freund von Streitigkeiten, sondern löse Konflikte oder Probleme alleine. Ich besitze eine hohe Resilienz und habe ein hohes Verantwortungsbewusstsein aufgrund meines sozialen Berufes. In meinem Leben strebe ich nach Selbstbestimmung, ich möchte alles alleine erreichen und alles selber machen.",5.25,4.5,5.777777777777778,5.375,4.25,5.333333333333334,3.75,2.5,5.333333333333333
493,"Ich bin sehr empathisch, sensibel, intelligent.
Ausserdem bin ich ein sehr tiefgründiger und nachdenklicher Mensch. 
Fremden gegenüber bin ich offen.",4.875,3.125,6.111111111111111,4.15,2.575,5.222222222222222,3.625,1.5,5.888888888888889
496,"Rentner, 186 groß mit 133 kg Gewicht, volles teils mal braunes, mal graues Haar.
2x geschieden, aus jeder Ehe 2 Kinder, jetzt stattdessen ein süßer Hund.
Früher IT-Berater mit Auslandseinsätzen in Liechtenstein, Frankreich, USA, Südkorea, Japan, Taiwan und China,
mit 60 in Rente gegangen, wie ich das mein Leben lang geplant hatte,
Nachteil: € 300 Einbuße je Monat, aber dafür kein Leistungsdruck mehr.",5.75,5.25,4.555555555555555,5.5,3.6,5.777777777777777,5.625,4.375,5.222222222222222
498,"Ich bin sehr vorsichtig. Ich lebe nach bestimmten moralischen Werten, wobei mir der wichtigste Wert ist, dass ich niemandem Schaden zufügen. Understatement ist mein bevorzugtes Verhalten, lieber höre ich anderen lange zu, als dass ich mich selber darstelle. Mir sind tiefgründige Gespräche und Beschäftigungen wichtig. Ich versuche jede Minute meines Lebens bewußt und genussvoll zu erleben.",6.125,1.75,4.777777777777778,3.725,1.35,4.044444444444444,1.375,1.0,5.111111111111111
501,"Ich bin ein empatischer, freundlicher Mensch, dem es wichtig ist das die Menschen in meinem Umfeld respektvoll miteinander umgehen.
",5.0,3.25,5.888888888888889,4.375,1.9,5.155555555555555,2.375,1.0,5.222222222222222
502,"Künstlerisch-kreatives Interesse mit viel Neugier auf Menschen, Wissenschaft, Kultur, die Welt, Liebe zur Natur und Tieren.
Ich möchte mir immer eine gewisse Kindlichkeit bewahren in Sachen Interesse, Neugier, Wissensdurst und kindlicher Freude.
Ich wäre so gern noch in einen kreativen Beruf eingestiegen, was aus finanziellen Gründen in meinem Alter riskant ist.
Daher versuche ich im privaten Bereich durch eigenes Fotografieren und Filminteresse mich zu verwirklichen.
Wichtig sind mir gesunder Menschenverstand, Gerechtigkeitssinn, Kritikfähigkeit und Optimismus und nie Hoffnung aufzugeben in Dingen wie Liebe und schwierigen Zeiten.",6.125,1.625,5.888888888888889,4.225,2.975,5.444444444444445,3.125,1.25,5.111111111111111
503,"Ich bin ein geselliger Mensch, der sich mittlerweile aber auch sehr gut mit sich selbst befassen kann. Ich liebe die Natur und bewege mich gerne (joggen, Radfahren...) draußen. Ich bin sehr anpassungsfähig und kompromissbereit. Ich bin sehr ehrgeizig und vielseitig interessiert.",5.0,2.875,6.0,5.25,3.65,5.866666666666667,3.5,1.25,5.444444444444445
504,"Lässig, zielstrebig und hilfsbereit sind Eigenschaften die mich ausmachen. Ich bin ein sehr kommunikativer Mensch, verbringe gerne viel Zeit mit meinen Freunden und meiner Familie. Ich liebe das was ich tue und versuche durch meinen Enthusiasmus die Menschen in meinem Umfeld zu motivieren.",6.0,3.375,6.333333333333333,5.3,3.7,5.555555555555555,5.875,2.375,6.666666666666667
505,"Ich bin freundlich und nett zu den Menschen. Ich begegne ihnen rücksichtsvoll und hilfsbereit. Kenne ich sie näher, differenziere ich mehr. Ich halte Leute nicht oder zumindest schlecht aus, die bestimmte Parameter, die mir wichtig sind, nicht erfüllen. Dazu gehören eben Rücksicht, Freundlichkeit, Hilfsbereitschaft. Ich bin dann schnell ungehalten und genervt und nicht mehr freundlich. Leider bin ich auch sehr ungeduldig.",6.125,4.25,5.666666666666667,4.9,4.175,4.711111111111111,4.0,6.0,1.6666666666666667
506,"Ich habe eine intensive Wahrnehmung, gerade was Geräusche und auch Situationen und Gefühle um mich herum angeht. Ich bin empfindlich und leicht verletzbar. Ich bin ein sehr gewissenhafter Mensch. Ich kann gut mit Geld umgehen. Man nennt mich sparsam.",5.25,4.875,5.111111111111111,4.025,2.8,4.7555555555555555,1.875,2.125,4.777777777777778
507,"Ich bin eine nette, freundliche und hilfsbereite Person. Manchmal werde ich zu ungeduldig mit mir selbst und mit anderen, wenn es nicht so läuft, wie ich mir das vorgestellt habe. Meist bin ich sehr geduldig. Ich arbeite gerne im Garten und schreibe gerne Briefe.",4.125,3.0,5.333333333333333,3.775,3.3,4.955555555555557,3.875,2.75,5.444444444444445
509,"Ich bin ein sehr optimistischer und positiver Mensch. Auch in meinem Leben gab es schon sehr schwere Zeiten,  aber ich habe immer versucht, das Beste draus zu machen. Im Allgemeinen gelingt es mir, aus einem Tief notfalls auch allein wieder raus zu kommen. Mir ist Ehrlichkeit sehr wichtig, am Schlimmsten ist für mich, wenn man mich für dumm verkaufen will. Ich lebe nach dem Grundsatz: was Du nicht willst das man Dir tut das füge auch keinem Anderen zu!",5.25,3.0,5.444444444444445,5.275,3.8,5.555555555555556,5.75,1.625,4.666666666666667
510,"Stolze Mama von 2 süßen Mäusen.
Nicht sehr groß gewachsen und nicht wirklich dünn.
Dunkle Haare, grüne Augen.
Beruflich erfolgreich. 
Sehr organisiert und strukturiert.",5.375,2.75,5.111111111111111,4.55,3.475,4.177777777777777,6.25,5.0,6.444444444444445
514,Ich halte mich für eine nachdenkliche Person. Denke zu viel nach und lebe mehr im Gestern als im Jetzt. Gefühle spielen neben Musik in meinem Leben eine entscheidende Rolle seit ich nicht mehr arbeite.,3.125,2.5,4.555555555555555,3.1,2.45,3.7777777777777777,1.625,1.125,2.0
515,"Ich bin eine Frau mit 64 Jahren. Nicht alles in meinem Leben lief rund. Bisher bin ich aber ganz gut zurecht gekommen. Durch die Corona-Pandemie hat sich das jetzt geändert. Wie die Zukunft wird, kann ich jetzt nicht mehr einschätzen!",4.125,3.25,4.222222222222222,3.175,2.775,3.3777777777777778,2.0,2.625,2.7777777777777777
516,"Ich bin eine ruhige Person. Bevor ich mich richtig wohl fühle, betrachte und analysiere ich mein Umfeld und die Personen sehr genau.
Zuhause fühle ich mich sehr wohl, was sich wiederum auch in meinen Hobbys, die ich alleine und in Ruhe ausüben kann, wiederspiegelt. Trotzdem treffe ich mich gerne auch mit Freunden und tausche mich gerne mit ihnen aus. Meine Familie und meine engen Freunde sind mir sehr wichtig.",5.5,1.625,4.777777777777778,4.025,2.475,5.4,2.875,1.625,5.444444444444445
517,"Ich bin ehrlich, manchmal auch zu sehr. 
Ich versuche zuverlässig zu sein, aber vergesse leider manchmal einfach was. 
In Notsituationen können Freunde immer auf mich zählen. 
Ich bin ziemlich dominant und durchsetzungsfähig.",6.25,4.75,5.888888888888889,5.525,5.275,4.5777777777777775,6.625,6.625,4.555555555555555
518,"Ich würde mich als hilfsbereit, mutig, verantwortungsbewusst, höflich, Positiv denkend, Durchhaltekräftig, lösungsorientiert, mitfühlend, humorvoll, kommunikativ und sozial in meinen prägenden positiven Charakter Eigenschaften benennen. Ich mag kein Gelästere, mobbing oder Oberflächlichkeiten. Meine negativen Charakter Eigenschaften sind misstrauisch zu sein, indem ich manchmal zurückhaltend bin, unsicher, Dinge zu stark an mich ran lasse, harmoniebedürftig bin, meine Grenzen nicht konsequent kommunizieren kann im privaten sowie beruflich.",3.75,2.375,6.0,3.85,2.45,5.177777777777778,2.25,1.25,5.0
519,"Ich bin zu alt um jung zu sterben. Genervt von meiner Mittelmäßigkeit. Zwischen aufbrausend und ruheliebend. Meistens vercheckt weil ich fokussiert auf Sachen bin, die nicht im hier und jetzt sind. Humorvoll und verdammt sexy.",5.375,3.875,4.444444444444445,3.9,3.1,4.022222222222222,2.25,5.375,2.6666666666666665
521,"Ich bin ein rationaler Mensch, der sich bemüht, die emotionalen Defizite auszugleichen. Es ist mir wichtig, mich in einer Gruppe Gleichgesinnter zu bewegen, in der ich auch Anerkennung bekomme. Soziales Engagement ist mir wichtig. Ich erscheine von außen stärker als ich mich innen fühle.",5.125,4.75,5.555555555555555,5.125,4.55,5.2666666666666675,2.875,3.375,5.888888888888889
523,"Ich bei eine neugierige und offene Frau. Ich lerne gern etwas dazu, bin eine Leseratte. Ich bin freundlich und liebevoll, meist entspannt und glücklich. Ich lasse mich schnell ablenken und mir fehlt die Konzentration auf mich.",6.375,4.428571428571429,4.625,3.25,2.0,4.711111111111111,2.5,1.125,6.333333333333333
524,"Ich bin ein offener, lebensfroher Mensch. Ich treffe mich gern mit Menschen und unternehme gern was. Ich lache gern und viel.",6.5,3.0,5.888888888888889,5.325,3.325,5.777777777777779,4.75,2.125,4.666666666666667
525,"Ich bin eine Powerfrau. Eigentlich längst berentet, aber voller Ideen und Kreativität.
Seit über 40 Jahren arbeite ich mit Sprachen. Übersetzen, Schreiben ... Ich falle
unter die Kategorie Workaholic, Hände in den Schoss legen ist nicht meins.",5.285714285714286,4.375,6.625,5.15,4.8,5.155555555555555,6.125,5.75,6.222222222222222
526,"Ich bin ein ruhiger, zurückhaltender, gewissenhafter Typ.
Vater zu werden war für mich das Größte, was ich vorher so nicht erwartet hätte.",4.625,3.0,4.555555555555555,3.7,2.775,4.977777777777777,2.625,1.5,5.555555555555555
529,"Bevorzuge die Abgeschiedenheit und meine Familie, benötige aber auch meine Freunde. Bin eher chaotisch, nicht organisiert, kreativ, und verliere mich in Büchern. Ich würde mich selbst als bis zu einem gewissen Grad als Autistisch bezeichen, ich kann wochenlang ohne Kontakte nach aussen leben.  Andererseits liebe ich es, mit meinem besten Freund zu verreisen. Und ohne ein Haustier bin ich unglücklich.",4.5,2.5,5.111111111111111,2.975,2.375,3.088888888888889,3.125,2.875,3.4444444444444446
532,"Bin eher zurückhaltend, nicht dominierend, in Beziehungen harmoniebedürftig uns streit-vermeidend, was nicht gut ist. Naturwissenschaftlich und musisch begabt (Instrument). Entscheidungen fallen mir sehr schwer, hadere im Leben IMMER.",1.875,1.125,4.888888888888889,2.5,1.95,3.7555555555555555,1.125,1.0,3.6666666666666665
535,Ich fühle mich jünger als ich bin. Ich liebe die Natur und gehe gerne spazieren. Ich liebe meine Kinder und Enkelkinder. Lesen und Gitarre sind Hobbys von mir. Ich wiege 60 kg und möchte 3 kg abnehmen.,5.25,2.75,3.6666666666666665,4.6,2.45,5.2444444444444445,4.0,1.875,4.111111111111111
537,"Ich wirke oft arrogant, obwohl ich eigentlich eher schüchtern bin. Ich bin ein positiver Mensch und laufe mit einem Lächeln durch die Welt. Konflikte mag ich nicht, kann aber meist meine Vorstellungen umsetzen.",5.875,4.125,5.888888888888889,5.075,3.65,4.688888888888888,6.5,4.5,4.777777777777778
538,"Ich bin zuverlässig, lustig und harmoniebedütftig. Ich bin gerne mit anderen Leuten aber auch gerne für mich. Meine Hobbys sind lesen, essen, reisen und Filme. In der Arbeit mag ich die Abwechslung, Zusammenarbeit im Team und klare Kommunikation. Freunde schätzen mich.",5.875,3.5,6.555555555555555,4.675,3.3,5.377777777777778,2.875,1.125,6.0
539,"Ich kümmere mich gerne um andere.
Ich bin introvertiert. 
Ich brauche viel Ruhe und Zeit für mich.
Meine Familie ist mir wichtig.
Ich arbeite gerne mit Kindern.",5.75,2.75,4.333333333333333,2.475,1.875,4.2,3.0,2.125,6.333333333333333
540,"Ich bin sehr kommunikativ und gerne mit Menschen zusammen. 
Ich helfe gerne. 
Ich bin ungeduldig.
Ich bin seit meiner Kindheit übergewichtig und habe ein gespaltenes Verhältnis zu meinem Körper. 
Ich bin sehr wissbegierig.",6.75,3.625,6.0,4.75,2.9,4.866666666666667,2.875,3.125,5.555555555555555
542,"Ich bin sehr sportlich. Ich bin sehr Freihheitsliebend, persönliche Freiheit ist für mich sehr wichtig. Ich schätze Ehrlichkeit die mir über alles geht. Ich bin wie ich bin und nicht wie die anderen wollen. Ich liebe gutes Essen, gepflegte Drinks, Partys, Face to Face Gespräche, kein Internetgeschreibsel, wahre Dinge, greifbar offen und ehrlich.",6.375,3.75,5.777777777777778,6.025,4.875,5.800000000000001,5.375,5.25,4.333333333333333
544,"Ich bin, aufgrund meiner Erziehung, ein fröhlicher kreativer neugieriger ordnungsliebender Mensch. Die allgemeine Tendenz dem Mainstream zu folgen, ist mir zuwider. Ich habe mich immer um Eigenständigkeit bemüht. Ich bin seit Anfang des Jahres Rentner und genieße den Fakt: NICHT MEHR MÜSSEN ZU MÜSSEN.",5.75,3.0,5.777777777777778,5.55,3.375,5.733333333333333,5.125,3.5,4.222222222222222
546,"Ich bin ein offener Mensch, der gern für andere da ist. Es ist mir mittlerweile aber auch wichtig, das meine Interessen dabei nicht zu kurz kommen. Meine Freizeit verbringe ich gern mit Freunden, beim lesen, im Garten oder Urlaub. Bis vor kurzem war meine Arbeit mein Leben, derzeit orientiere ich mich gerade neu. Das ""Älterwerden"" macht mir manchmal zu schaffen.",6.625,3.5,6.625,4.875,3.075,5.488888888888889,3.5,1.5,5.333333333333333
547,Es fällt mir schwer mich zu beschreiben. Ich bin attraktiv aber sehe meine zunehmenden Falten. Ich bin erfolgreich aber kenne meine Grenzen. Ich brauche ein Ziel aber habe keins. Ich will glücklich sein aber kann es nicht.,5.0,3.875,5.111111111111111,3.975,3.4,4.311111111111111,1.375,1.625,2.5555555555555554
548,Ich bin gesund und stehe relativ erfolgreich im Berufsleben. Ich bin glücklich verheiratet. Meine 2 Kinder sind schon ausgezogen und wir haben guten Kontakt. Ich organisiere mein Leben freizeitorientiert und treibe viel Sport draussen in der Natur. Ansonsten sind lesen und Musik meine Hobbys.,4.125,2.125,4.555555555555555,5.475,3.975,5.866666666666667,5.75,2.125,5.777777777777778
550,"Ich bin vom Leben gezeichnet.
Viele Menschen nehmen mich aufgrund meines Verhaltens als schwierig war.
Andere Menschen lieben mich genau für mein Verhalten.
Immer fühle ich mich zu höherem berufen, es gibt nichts, was ich mir nicht zutraue.
Mein Lebensmotto: Es ist alles nur ein Spiel.",6.375,6.375,5.666666666666667,4.55,4.8,3.6,6.25,6.875,3.4444444444444446
551,"Ich bin sehr zielorientiert und manchmal auch ein wenig egoistisch. Ferner bin ich relativ eitel und habe oft andere Meinungen, als die Mehrheit.",6.125,5.25,5.333333333333333,5.925,6.125,4.311111111111112,5.0,6.25,2.6666666666666665
552,"Ich bin eine gut ausgebildete Frau. Mein ganzes Berufsleben habe ich in internationalem Geschaeftsleben verbracht. Ich liebe die multikulterelle Gesellschaft. Meine Hobbies sind lesen, schreiben und Golf. Ich bin verheiratet ohne Kinder.",5.5,2.625,5.0,6.1,5.175,5.533333333333334,6.0,4.25,6.111111111111111
554,"Künstler, welcher gerne neue Wege geht und neues ausprobiert. Dennoch auch BWL Student. Stets neugierig. Weltoffen, herzlich, engagiert, aktiv.",5.625,4.75,5.333333333333333,4.8,3.475,5.0,5.625,3.875,5.888888888888889
555,Ich bin ein sensibler Mensch. Ich kann mich durch eine harte Sache durchbeissen. Kreativität kommt momentan zu kurz in meinem Leben. Ich liebe meinen Partner sehr. Ich mag neuerdings Hummus.,5.75,4.375,5.888888888888889,4.05,2.425,4.844444444444445,3.375,2.375,4.222222222222222
556,"Ich bin 42, groß, dunkelhaarig, schlank, gutaussehend. Mein Ehemann und ich führen eine glückliche Beziehung und haben uns gegen Kinder entschieden. Das Verhältnis zu meinen Eltern, Schwiegereltern und sonstigen Verwandten ist ausgezeichnet. Ich habe nicht sehr viele, aber dafür sehr gute Freunde und  durch meine Arbeit einen großen Bekanntenkreis. Ich lebe in einem sehr schönen Haus mit netter Nachbarschaft und habe keine finanziellen Probleme.",6.5,3.625,5.875,4.825,3.575,4.911111111111111,6.25,3.375,5.888888888888889
558,"Ich bin eine selbstbewusste Frau.
Ich bin eine humorvolle Frau.
Ich bin eine künstlerisch begabte Frau.
Ich bin eine beruflich erfolgreiche Frau.
Ich bin eine gute Mutter.",5.75,3.5,6.0,5.375,4.125,5.133333333333333,6.75,5.75,6.666666666666667
