Outcome,PC,Selected,LASSO_Coefficient,LASSO_Alpha,Model_R2_insample,Model_R2_CV,N_selected
X,1,1,0.017578743,0.012029150064279742,0.2684950256047657,0.09259634504342384,152
AI,1,1,0.036992967,0.016112214800333667,0.4170078260914315,0.30772902137339087,115
HU,1,1,0.014831786,0.014496540304130046,0.33209723269865177,0.21426389948687782,123
X,2,1,-0.10708524,0.012029150064279742,0.2684950256047657,0.09259634504342384,152
AI,2,1,-0.3829998,0.016112214800333667,0.4170078260914315,0.30772902137339087,115
HU,2,1,-0.2388347,0.014496540304130046,0.33209723269865177,0.21426389948687782,123
X,3,1,-0.02444488,0.012029150064279742,0.2684950256047657,0.09259634504342384,152
AI,3,1,0.039886292,0.016112214800333667,0.4170078260914315,0.30772902137339087,115
HU,3,0,0.0,0.014496540304130046,0.33209723269865177,0.21426389948687782,123
X,4,1,-0.05413613,0.012029150064279742,0.2684950256047657,0.09259634504342384,152
AI,4,1,-0.15355639,0.016112214800333667,0.4170078260914315,0.30772902137339087,115
HU,4,1,-0.07816287,0.014496540304130046,0.33209723269865177,0.21426389948687782,123
X,5,1,-0.123460144,0.012029150064279742,0.2684950256047657,0.09259634504342384,152
AI,5,1,-0.15880026,0.016112214800333667,0.4170078260914315,0.30772902137339087,115
HU,5,1,-0.15256326,0.014496540304130046,0.33209723269865177,0.21426389948687782,123
X,6,1,0.055223655,0.012029150064279742,0.2684950256047657,0.09259634504342384,152
AI,6,1,0.079300284,0.016112214800333667,0.4170078260914315,0.30772902137339087,115
HU,6,1,0.07038583,0.014496540304130046,0.33209723269865177,0.21426389948687782,123
X,7,1,-0.017756963,0.012029150064279742,0.2684950256047657,0.09259634504342384,152
AI,7,0,-0.0,0.016112214800333667,0.4170078260914315,0.30772902137339087,115
HU,7,1,-0.014051239,0.014496540304130046,0.33209723269865177,0.21426389948687782,123
X,8,1,-0.041907888,0.012029150064279742,0.2684950256047657,0.09259634504342384,152
AI,8,1,-0.040981695,0.016112214800333667,0.4170078260914315,0.30772902137339087,115
HU,8,1,-0.034340065,0.014496540304130046,0.33209723269865177,0.21426389948687782,123
X,9,1,-0.059238162,0.012029150064279742,0.2684950256047657,0.09259634504342384,152
AI,9,1,-0.015060552,0.016112214800333667,0.4170078260914315,0.30772902137339087,115
HU,9,1,-0.08154831,0.014496540304130046,0.33209723269865177,0.21426389948687782,123
X,10,1,0.06741565,0.012029150064279742,0.2684950256047657,0.09259634504342384,152
AI,10,1,0.095843695,0.016112214800333667,0.4170078260914315,0.30772902137339087,115
HU,10,1,0.033121254,0.014496540304130046,0.33209723269865177,0.21426389948687782,123
X,11,1,0.001333896,0.012029150064279742,0.2684950256047657,0.09259634504342384,152
AI,11,1,0.034098696,0.016112214800333667,0.4170078260914315,0.30772902137339087,115
HU,11,1,0.056799833,0.014496540304130046,0.33209723269865177,0.21426389948687782,123
X,12,0,-0.0,0.012029150064279742,0.2684950256047657,0.09259634504342384,152
AI,12,1,-0.016161999,0.016112214800333667,0.4170078260914315,0.30772902137339087,115
HU,12,0,0.0,0.014496540304130046,0.33209723269865177,0.21426389948687782,123
X,13,1,0.009565389,0.012029150064279742,0.2684950256047657,0.09259634504342384,152
AI,13,1,-0.07739766,0.016112214800333667,0.4170078260914315,0.30772902137339087,115
HU,13,0,-0.0,0.014496540304130046,0.33209723269865177,0.21426389948687782,123
X,14,1,-0.1469892,0.012029150064279742,0.2684950256047657,0.09259634504342384,152
AI,14,1,-0.18284273,0.016112214800333667,0.4170078260914315,0.30772902137339087,115
HU,14,1,-0.14407608,0.014496540304130046,0.33209723269865177,0.21426389948687782,123
X,15,1,-0.012256566,0.012029150064279742,0.2684950256047657,0.09259634504342384,152
AI,15,1,-0.009847938,0.016112214800333667,0.4170078260914315,0.30772902137339087,115
HU,15,1,-0.027693957,0.014496540304130046,0.33209723269865177,0.21426389948687782,123
X,16,1,0.01721868,0.012029150064279742,0.2684950256047657,0.09259634504342384,152
AI,16,0,0.0,0.016112214800333667,0.4170078260914315,0.30772902137339087,115
HU,16,0,-0.0,0.014496540304130046,0.33209723269865177,0.21426389948687782,123
X,17,1,-0.07016063,0.012029150064279742,0.2684950256047657,0.09259634504342384,152
AI,17,1,-0.109789856,0.016112214800333667,0.4170078260914315,0.30772902137339087,115
HU,17,1,-0.15535949,0.014496540304130046,0.33209723269865177,0.21426389948687782,123
X,18,1,-0.040494956,0.012029150064279742,0.2684950256047657,0.09259634504342384,152
AI,18,1,-0.053604733,0.016112214800333667,0.4170078260914315,0.30772902137339087,115
HU,18,1,-0.0062463805,0.014496540304130046,0.33209723269865177,0.21426389948687782,123
X,19,0,0.0,0.012029150064279742,0.2684950256047657,0.09259634504342384,152
AI,19,1,0.0062793423,0.016112214800333667,0.4170078260914315,0.30772902137339087,115
HU,19,1,-0.01581834,0.014496540304130046,0.33209723269865177,0.21426389948687782,123
X,20,1,-0.009501028,0.012029150064279742,0.2684950256047657,0.09259634504342384,152
AI,20,1,-0.02115938,0.016112214800333667,0.4170078260914315,0.30772902137339087,115
HU,20,1,-0.012666038,0.014496540304130046,0.33209723269865177,0.21426389948687782,123
X,21,1,-0.0365117,0.012029150064279742,0.2684950256047657,0.09259634504342384,152
AI,21,0,0.0,0.016112214800333667,0.4170078260914315,0.30772902137339087,115
HU,21,0,-0.0,0.014496540304130046,0.33209723269865177,0.21426389948687782,123
X,22,0,0.0,0.012029150064279742,0.2684950256047657,0.09259634504342384,152
AI,22,1,-0.00025179252,0.016112214800333667,0.4170078260914315,0.30772902137339087,115
HU,22,1,-0.024658456,0.014496540304130046,0.33209723269865177,0.21426389948687782,123
X,23,1,0.011176501,0.012029150064279742,0.2684950256047657,0.09259634504342384,152
AI,23,0,-0.0,0.016112214800333667,0.4170078260914315,0.30772902137339087,115
HU,23,1,-3.4095134e-05,0.014496540304130046,0.33209723269865177,0.21426389948687782,123
X,24,1,0.003956469,0.012029150064279742,0.2684950256047657,0.09259634504342384,152
AI,24,1,0.0136923045,0.016112214800333667,0.4170078260914315,0.30772902137339087,115
HU,24,1,0.045892227,0.014496540304130046,0.33209723269865177,0.21426389948687782,123
X,25,1,0.02579906,0.012029150064279742,0.2684950256047657,0.09259634504342384,152
AI,25,1,0.017978594,0.016112214800333667,0.4170078260914315,0.30772902137339087,115
HU,25,1,0.0054069,0.014496540304130046,0.33209723269865177,0.21426389948687782,123
X,26,0,0.0,0.012029150064279742,0.2684950256047657,0.09259634504342384,152
AI,26,1,-0.026700484,0.016112214800333667,0.4170078260914315,0.30772902137339087,115
HU,26,1,-0.0020754908,0.014496540304130046,0.33209723269865177,0.21426389948687782,123
X,27,1,0.015897717,0.012029150064279742,0.2684950256047657,0.09259634504342384,152
AI,27,0,-0.0,0.016112214800333667,0.4170078260914315,0.30772902137339087,115
HU,27,1,-0.017326308,0.014496540304130046,0.33209723269865177,0.21426389948687782,123
X,28,1,0.005702225,0.012029150064279742,0.2684950256047657,0.09259634504342384,152
AI,28,1,0.01633679,0.016112214800333667,0.4170078260914315,0.30772902137339087,115
HU,28,0,0.0,0.014496540304130046,0.33209723269865177,0.21426389948687782,123
X,29,1,0.0065367687,0.012029150064279742,0.2684950256047657,0.09259634504342384,152
AI,29,1,0.07638396,0.016112214800333667,0.4170078260914315,0.30772902137339087,115
HU,29,1,0.0493858,0.014496540304130046,0.33209723269865177,0.21426389948687782,123
X,30,1,-0.026879903,0.012029150064279742,0.2684950256047657,0.09259634504342384,152
AI,30,1,-0.010661996,0.016112214800333667,0.4170078260914315,0.30772902137339087,115
HU,30,0,-0.0,0.014496540304130046,0.33209723269865177,0.21426389948687782,123
X,31,1,-0.02102348,0.012029150064279742,0.2684950256047657,0.09259634504342384,152
AI,31,1,-0.0054573608,0.016112214800333667,0.4170078260914315,0.30772902137339087,115
HU,31,1,0.013907204,0.014496540304130046,0.33209723269865177,0.21426389948687782,123
X,32,1,0.02769241,0.012029150064279742,0.2684950256047657,0.09259634504342384,152
AI,32,0,-0.0,0.016112214800333667,0.4170078260914315,0.30772902137339087,115
HU,32,1,-0.01806243,0.014496540304130046,0.33209723269865177,0.21426389948687782,123
X,33,1,0.015029749,0.012029150064279742,0.2684950256047657,0.09259634504342384,152
AI,33,0,-0.0,0.016112214800333667,0.4170078260914315,0.30772902137339087,115
HU,33,0,-0.0,0.014496540304130046,0.33209723269865177,0.21426389948687782,123
X,34,1,0.008050564,0.012029150064279742,0.2684950256047657,0.09259634504342384,152
AI,34,1,0.031133637,0.016112214800333667,0.4170078260914315,0.30772902137339087,115
HU,34,0,0.0,0.014496540304130046,0.33209723269865177,0.21426389948687782,123
X,35,0,-0.0,0.012029150064279742,0.2684950256047657,0.09259634504342384,152
AI,35,1,0.011017687,0.016112214800333667,0.4170078260914315,0.30772902137339087,115
HU,35,1,-0.016222475,0.014496540304130046,0.33209723269865177,0.21426389948687782,123
X,36,1,-0.05160933,0.012029150064279742,0.2684950256047657,0.09259634504342384,152
AI,36,1,-0.008643768,0.016112214800333667,0.4170078260914315,0.30772902137339087,115
HU,36,1,-0.008505608,0.014496540304130046,0.33209723269865177,0.21426389948687782,123
X,37,1,-0.058431104,0.012029150064279742,0.2684950256047657,0.09259634504342384,152
AI,37,1,-0.012967895,0.016112214800333667,0.4170078260914315,0.30772902137339087,115
HU,37,1,-0.04847173,0.014496540304130046,0.33209723269865177,0.21426389948687782,123
X,38,1,0.029445825,0.012029150064279742,0.2684950256047657,0.09259634504342384,152
AI,38,1,0.053532675,0.016112214800333667,0.4170078260914315,0.30772902137339087,115
HU,38,1,0.019921163,0.014496540304130046,0.33209723269865177,0.21426389948687782,123
X,39,1,0.013457497,0.012029150064279742,0.2684950256047657,0.09259634504342384,152
AI,39,0,0.0,0.016112214800333667,0.4170078260914315,0.30772902137339087,115
HU,39,1,0.055918157,0.014496540304130046,0.33209723269865177,0.21426389948687782,123
X,40,1,0.050686408,0.012029150064279742,0.2684950256047657,0.09259634504342384,152
AI,40,1,0.017785946,0.016112214800333667,0.4170078260914315,0.30772902137339087,115
HU,40,0,-0.0,0.014496540304130046,0.33209723269865177,0.21426389948687782,123
X,41,1,-0.02748539,0.012029150064279742,0.2684950256047657,0.09259634504342384,152
AI,41,1,-0.05326015,0.016112214800333667,0.4170078260914315,0.30772902137339087,115
HU,41,1,-0.049023964,0.014496540304130046,0.33209723269865177,0.21426389948687782,123
X,42,1,0.00080660713,0.012029150064279742,0.2684950256047657,0.09259634504342384,152
AI,42,0,-0.0,0.016112214800333667,0.4170078260914315,0.30772902137339087,115
HU,42,1,0.005667581,0.014496540304130046,0.33209723269865177,0.21426389948687782,123
X,43,1,-0.025902621,0.012029150064279742,0.2684950256047657,0.09259634504342384,152
AI,43,1,-0.03946474,0.016112214800333667,0.4170078260914315,0.30772902137339087,115
HU,43,1,-0.0024018998,0.014496540304130046,0.33209723269865177,0.21426389948687782,123
X,44,1,0.025443124,0.012029150064279742,0.2684950256047657,0.09259634504342384,152
AI,44,1,0.01689865,0.016112214800333667,0.4170078260914315,0.30772902137339087,115
HU,44,1,0.018221516,0.014496540304130046,0.33209723269865177,0.21426389948687782,123
X,45,1,0.05668476,0.012029150064279742,0.2684950256047657,0.09259634504342384,152
AI,45,1,0.0306083,0.016112214800333667,0.4170078260914315,0.30772902137339087,115
HU,45,1,0.06431967,0.014496540304130046,0.33209723269865177,0.21426389948687782,123
X,46,1,-0.051317044,0.012029150064279742,0.2684950256047657,0.09259634504342384,152
AI,46,0,-0.0,0.016112214800333667,0.4170078260914315,0.30772902137339087,115
HU,46,0,-0.0,0.014496540304130046,0.33209723269865177,0.21426389948687782,123
X,47,1,-0.045878313,0.012029150064279742,0.2684950256047657,0.09259634504342384,152
AI,47,1,-0.044892456,0.016112214800333667,0.4170078260914315,0.30772902137339087,115
HU,47,1,-0.05630343,0.014496540304130046,0.33209723269865177,0.21426389948687782,123
X,48,1,0.0386262,0.012029150064279742,0.2684950256047657,0.09259634504342384,152
AI,48,0,-0.0,0.016112214800333667,0.4170078260914315,0.30772902137339087,115
HU,48,1,-0.014539436,0.014496540304130046,0.33209723269865177,0.21426389948687782,123
X,49,0,-0.0,0.012029150064279742,0.2684950256047657,0.09259634504342384,152
AI,49,0,-0.0,0.016112214800333667,0.4170078260914315,0.30772902137339087,115
HU,49,1,-0.0022261816,0.014496540304130046,0.33209723269865177,0.21426389948687782,123
X,50,1,0.015508197,0.012029150064279742,0.2684950256047657,0.09259634504342384,152
AI,50,1,0.024365297,0.016112214800333667,0.4170078260914315,0.30772902137339087,115
HU,50,1,0.04235319,0.014496540304130046,0.33209723269865177,0.21426389948687782,123
X,51,1,0.033593833,0.012029150064279742,0.2684950256047657,0.09259634504342384,152
AI,51,0,0.0,0.016112214800333667,0.4170078260914315,0.30772902137339087,115
HU,51,0,0.0,0.014496540304130046,0.33209723269865177,0.21426389948687782,123
X,52,1,0.0024552443,0.012029150064279742,0.2684950256047657,0.09259634504342384,152
AI,52,1,-0.032819737,0.016112214800333667,0.4170078260914315,0.30772902137339087,115
HU,52,1,-0.022002336,0.014496540304130046,0.33209723269865177,0.21426389948687782,123
X,53,1,-0.031465743,0.012029150064279742,0.2684950256047657,0.09259634504342384,152
AI,53,1,-0.0037204572,0.016112214800333667,0.4170078260914315,0.30772902137339087,115
HU,53,1,-0.016435323,0.014496540304130046,0.33209723269865177,0.21426389948687782,123
X,54,1,-0.0742586,0.012029150064279742,0.2684950256047657,0.09259634504342384,152
AI,54,1,-0.015165321,0.016112214800333667,0.4170078260914315,0.30772902137339087,115
HU,54,1,-0.022060608,0.014496540304130046,0.33209723269865177,0.21426389948687782,123
X,55,0,0.0,0.012029150064279742,0.2684950256047657,0.09259634504342384,152
AI,55,1,0.012589393,0.016112214800333667,0.4170078260914315,0.30772902137339087,115
HU,55,1,0.011552003,0.014496540304130046,0.33209723269865177,0.21426389948687782,123
X,56,1,0.021123517,0.012029150064279742,0.2684950256047657,0.09259634504342384,152
AI,56,1,0.0027269025,0.016112214800333667,0.4170078260914315,0.30772902137339087,115
HU,56,0,-0.0,0.014496540304130046,0.33209723269865177,0.21426389948687782,123
X,57,1,0.059661597,0.012029150064279742,0.2684950256047657,0.09259634504342384,152
AI,57,1,0.03718242,0.016112214800333667,0.4170078260914315,0.30772902137339087,115
HU,57,1,0.11202787,0.014496540304130046,0.33209723269865177,0.21426389948687782,123
X,58,1,-0.0012998754,0.012029150064279742,0.2684950256047657,0.09259634504342384,152
AI,58,0,0.0,0.016112214800333667,0.4170078260914315,0.30772902137339087,115
HU,58,0,-0.0,0.014496540304130046,0.33209723269865177,0.21426389948687782,123
X,59,1,0.019860527,0.012029150064279742,0.2684950256047657,0.09259634504342384,152
AI,59,0,0.0,0.016112214800333667,0.4170078260914315,0.30772902137339087,115
HU,59,0,0.0,0.014496540304130046,0.33209723269865177,0.21426389948687782,123
X,60,0,0.0,0.012029150064279742,0.2684950256047657,0.09259634504342384,152
AI,60,1,0.005673519,0.016112214800333667,0.4170078260914315,0.30772902137339087,115
HU,60,1,0.035795372,0.014496540304130046,0.33209723269865177,0.21426389948687782,123
X,61,1,0.03160054,0.012029150064279742,0.2684950256047657,0.09259634504342384,152
AI,61,0,-0.0,0.016112214800333667,0.4170078260914315,0.30772902137339087,115
HU,61,1,0.02254545,0.014496540304130046,0.33209723269865177,0.21426389948687782,123
X,62,0,0.0,0.012029150064279742,0.2684950256047657,0.09259634504342384,152
AI,62,1,0.019342043,0.016112214800333667,0.4170078260914315,0.30772902137339087,115
HU,62,1,0.032730803,0.014496540304130046,0.33209723269865177,0.21426389948687782,123
X,63,0,-0.0,0.012029150064279742,0.2684950256047657,0.09259634504342384,152
AI,63,0,-0.0,0.016112214800333667,0.4170078260914315,0.30772902137339087,115
HU,63,1,-0.0001700249,0.014496540304130046,0.33209723269865177,0.21426389948687782,123
X,64,0,-0.0,0.012029150064279742,0.2684950256047657,0.09259634504342384,152
AI,64,1,-0.014559289,0.016112214800333667,0.4170078260914315,0.30772902137339087,115
HU,64,0,-0.0,0.014496540304130046,0.33209723269865177,0.21426389948687782,123
X,65,1,0.027835524,0.012029150064279742,0.2684950256047657,0.09259634504342384,152
AI,65,0,-0.0,0.016112214800333667,0.4170078260914315,0.30772902137339087,115
HU,65,0,-0.0,0.014496540304130046,0.33209723269865177,0.21426389948687782,123
X,66,1,-0.047032088,0.012029150064279742,0.2684950256047657,0.09259634504342384,152
AI,66,1,-0.012437936,0.016112214800333667,0.4170078260914315,0.30772902137339087,115
HU,66,1,-0.007832434,0.014496540304130046,0.33209723269865177,0.21426389948687782,123
X,67,1,-0.03724206,0.012029150064279742,0.2684950256047657,0.09259634504342384,152
AI,67,1,-0.008503108,0.016112214800333667,0.4170078260914315,0.30772902137339087,115
HU,67,1,-0.012686048,0.014496540304130046,0.33209723269865177,0.21426389948687782,123
X,68,0,-0.0,0.012029150064279742,0.2684950256047657,0.09259634504342384,152
AI,68,0,0.0,0.016112214800333667,0.4170078260914315,0.30772902137339087,115
HU,68,1,0.009525311,0.014496540304130046,0.33209723269865177,0.21426389948687782,123
X,69,1,-0.012465494,0.012029150064279742,0.2684950256047657,0.09259634504342384,152
AI,69,0,0.0,0.016112214800333667,0.4170078260914315,0.30772902137339087,115
HU,69,1,-0.024303596,0.014496540304130046,0.33209723269865177,0.21426389948687782,123
X,70,1,0.013233364,0.012029150064279742,0.2684950256047657,0.09259634504342384,152
AI,70,0,0.0,0.016112214800333667,0.4170078260914315,0.30772902137339087,115
HU,70,0,-0.0,0.014496540304130046,0.33209723269865177,0.21426389948687782,123
X,71,1,-0.033087272,0.012029150064279742,0.2684950256047657,0.09259634504342384,152
AI,71,1,-0.024262091,0.016112214800333667,0.4170078260914315,0.30772902137339087,115
HU,71,1,-0.06419073,0.014496540304130046,0.33209723269865177,0.21426389948687782,123
X,72,1,-0.020177858,0.012029150064279742,0.2684950256047657,0.09259634504342384,152
AI,72,0,-0.0,0.016112214800333667,0.4170078260914315,0.30772902137339087,115
HU,72,1,0.0064398325,0.014496540304130046,0.33209723269865177,0.21426389948687782,123
X,73,1,-0.0008874783,0.012029150064279742,0.2684950256047657,0.09259634504342384,152
AI,73,1,0.013593057,0.016112214800333667,0.4170078260914315,0.30772902137339087,115
HU,73,1,0.0022501398,0.014496540304130046,0.33209723269865177,0.21426389948687782,123
X,74,1,-0.03693017,0.012029150064279742,0.2684950256047657,0.09259634504342384,152
AI,74,1,-0.020917816,0.016112214800333667,0.4170078260914315,0.30772902137339087,115
HU,74,1,-0.037928272,0.014496540304130046,0.33209723269865177,0.21426389948687782,123
X,75,1,-0.022911016,0.012029150064279742,0.2684950256047657,0.09259634504342384,152
AI,75,0,0.0,0.016112214800333667,0.4170078260914315,0.30772902137339087,115
HU,75,1,-0.0076907137,0.014496540304130046,0.33209723269865177,0.21426389948687782,123
X,76,1,0.008246767,0.012029150064279742,0.2684950256047657,0.09259634504342384,152
AI,76,1,0.008000088,0.016112214800333667,0.4170078260914315,0.30772902137339087,115
HU,76,1,0.0012811536,0.014496540304130046,0.33209723269865177,0.21426389948687782,123
X,77,0,0.0,0.012029150064279742,0.2684950256047657,0.09259634504342384,152
AI,77,1,-0.025694922,0.016112214800333667,0.4170078260914315,0.30772902137339087,115
HU,77,1,0.00013173482,0.014496540304130046,0.33209723269865177,0.21426389948687782,123
X,78,1,-0.028151436,0.012029150064279742,0.2684950256047657,0.09259634504342384,152
AI,78,1,-0.0223083,0.016112214800333667,0.4170078260914315,0.30772902137339087,115
HU,78,0,-0.0,0.014496540304130046,0.33209723269865177,0.21426389948687782,123
X,79,0,0.0,0.012029150064279742,0.2684950256047657,0.09259634504342384,152
AI,79,1,-0.00854436,0.016112214800333667,0.4170078260914315,0.30772902137339087,115
HU,79,0,-0.0,0.014496540304130046,0.33209723269865177,0.21426389948687782,123
X,80,1,-0.0138286445,0.012029150064279742,0.2684950256047657,0.09259634504342384,152
AI,80,0,-0.0,0.016112214800333667,0.4170078260914315,0.30772902137339087,115
HU,80,0,0.0,0.014496540304130046,0.33209723269865177,0.21426389948687782,123
X,81,1,0.029848564,0.012029150064279742,0.2684950256047657,0.09259634504342384,152
AI,81,1,0.015975116,0.016112214800333667,0.4170078260914315,0.30772902137339087,115
HU,81,1,0.04896959,0.014496540304130046,0.33209723269865177,0.21426389948687782,123
X,82,0,0.0,0.012029150064279742,0.2684950256047657,0.09259634504342384,152
AI,82,1,0.007370084,0.016112214800333667,0.4170078260914315,0.30772902137339087,115
HU,82,1,0.00028814355,0.014496540304130046,0.33209723269865177,0.21426389948687782,123
X,83,1,-0.013842217,0.012029150064279742,0.2684950256047657,0.09259634504342384,152
AI,83,0,-0.0,0.016112214800333667,0.4170078260914315,0.30772902137339087,115
HU,83,0,-0.0,0.014496540304130046,0.33209723269865177,0.21426389948687782,123
X,84,1,-0.049172573,0.012029150064279742,0.2684950256047657,0.09259634504342384,152
AI,84,1,-0.05088584,0.016112214800333667,0.4170078260914315,0.30772902137339087,115
HU,84,1,-0.05836138,0.014496540304130046,0.33209723269865177,0.21426389948687782,123
X,85,1,0.0052258032,0.012029150064279742,0.2684950256047657,0.09259634504342384,152
AI,85,0,-0.0,0.016112214800333667,0.4170078260914315,0.30772902137339087,115
HU,85,0,-0.0,0.014496540304130046,0.33209723269865177,0.21426389948687782,123
X,86,0,0.0,0.012029150064279742,0.2684950256047657,0.09259634504342384,152
AI,86,1,-0.0005755419,0.016112214800333667,0.4170078260914315,0.30772902137339087,115
HU,86,0,0.0,0.014496540304130046,0.33209723269865177,0.21426389948687782,123
X,87,1,0.010427149,0.012029150064279742,0.2684950256047657,0.09259634504342384,152
AI,87,0,0.0,0.016112214800333667,0.4170078260914315,0.30772902137339087,115
HU,87,1,0.017804584,0.014496540304130046,0.33209723269865177,0.21426389948687782,123
X,88,1,0.049511395,0.012029150064279742,0.2684950256047657,0.09259634504342384,152
AI,88,1,0.010551867,0.016112214800333667,0.4170078260914315,0.30772902137339087,115
HU,88,0,-0.0,0.014496540304130046,0.33209723269865177,0.21426389948687782,123
X,89,1,-0.04585386,0.012029150064279742,0.2684950256047657,0.09259634504342384,152
AI,89,1,-0.02748899,0.016112214800333667,0.4170078260914315,0.30772902137339087,115
HU,89,1,-0.05322595,0.014496540304130046,0.33209723269865177,0.21426389948687782,123
X,90,1,0.0047087786,0.012029150064279742,0.2684950256047657,0.09259634504342384,152
AI,90,1,-0.0053337943,0.016112214800333667,0.4170078260914315,0.30772902137339087,115
HU,90,0,0.0,0.014496540304130046,0.33209723269865177,0.21426389948687782,123
X,91,1,-0.024667714,0.012029150064279742,0.2684950256047657,0.09259634504342384,152
AI,91,1,-0.015860394,0.016112214800333667,0.4170078260914315,0.30772902137339087,115
HU,91,1,-0.0011035985,0.014496540304130046,0.33209723269865177,0.21426389948687782,123
X,92,1,-0.005746313,0.012029150064279742,0.2684950256047657,0.09259634504342384,152
AI,92,0,0.0,0.016112214800333667,0.4170078260914315,0.30772902137339087,115
HU,92,0,0.0,0.014496540304130046,0.33209723269865177,0.21426389948687782,123
X,93,1,0.0063616117,0.012029150064279742,0.2684950256047657,0.09259634504342384,152
AI,93,1,-0.021750081,0.016112214800333667,0.4170078260914315,0.30772902137339087,115
HU,93,0,-0.0,0.014496540304130046,0.33209723269865177,0.21426389948687782,123
X,94,1,-0.021694534,0.012029150064279742,0.2684950256047657,0.09259634504342384,152
AI,94,1,-0.0067215976,0.016112214800333667,0.4170078260914315,0.30772902137339087,115
HU,94,0,-0.0,0.014496540304130046,0.33209723269865177,0.21426389948687782,123
X,95,1,-0.004711239,0.012029150064279742,0.2684950256047657,0.09259634504342384,152
AI,95,1,-0.022660285,0.016112214800333667,0.4170078260914315,0.30772902137339087,115
HU,95,0,0.0,0.014496540304130046,0.33209723269865177,0.21426389948687782,123
X,96,1,0.011478122,0.012029150064279742,0.2684950256047657,0.09259634504342384,152
AI,96,0,0.0,0.016112214800333667,0.4170078260914315,0.30772902137339087,115
HU,96,0,0.0,0.014496540304130046,0.33209723269865177,0.21426389948687782,123
X,97,0,0.0,0.012029150064279742,0.2684950256047657,0.09259634504342384,152
AI,97,0,-0.0,0.016112214800333667,0.4170078260914315,0.30772902137339087,115
HU,97,1,-0.013867919,0.014496540304130046,0.33209723269865177,0.21426389948687782,123
X,98,0,-0.0,0.012029150064279742,0.2684950256047657,0.09259634504342384,152
AI,98,0,-0.0,0.016112214800333667,0.4170078260914315,0.30772902137339087,115
HU,98,1,-0.023939367,0.014496540304130046,0.33209723269865177,0.21426389948687782,123
X,99,1,-0.022173971,0.012029150064279742,0.2684950256047657,0.09259634504342384,152
AI,99,1,-0.01415579,0.016112214800333667,0.4170078260914315,0.30772902137339087,115
HU,99,1,-0.010941135,0.014496540304130046,0.33209723269865177,0.21426389948687782,123
X,100,1,-0.015773652,0.012029150064279742,0.2684950256047657,0.09259634504342384,152
AI,100,0,0.0,0.016112214800333667,0.4170078260914315,0.30772902137339087,115
HU,100,1,0.0033421572,0.014496540304130046,0.33209723269865177,0.21426389948687782,123
X,101,1,-0.006432182,0.012029150064279742,0.2684950256047657,0.09259634504342384,152
AI,101,1,-0.01938376,0.016112214800333667,0.4170078260914315,0.30772902137339087,115
HU,101,1,-0.007269575,0.014496540304130046,0.33209723269865177,0.21426389948687782,123
X,102,1,0.02507538,0.012029150064279742,0.2684950256047657,0.09259634504342384,152
AI,102,1,0.039521135,0.016112214800333667,0.4170078260914315,0.30772902137339087,115
HU,102,1,0.036717463,0.014496540304130046,0.33209723269865177,0.21426389948687782,123
X,103,0,0.0,0.012029150064279742,0.2684950256047657,0.09259634504342384,152
AI,103,0,0.0,0.016112214800333667,0.4170078260914315,0.30772902137339087,115
HU,103,0,-0.0,0.014496540304130046,0.33209723269865177,0.21426389948687782,123
X,104,1,0.024067838,0.012029150064279742,0.2684950256047657,0.09259634504342384,152
AI,104,1,0.00064590125,0.016112214800333667,0.4170078260914315,0.30772902137339087,115
HU,104,1,0.03271986,0.014496540304130046,0.33209723269865177,0.21426389948687782,123
X,105,1,-0.01972326,0.012029150064279742,0.2684950256047657,0.09259634504342384,152
AI,105,0,-0.0,0.016112214800333667,0.4170078260914315,0.30772902137339087,115
HU,105,0,-0.0,0.014496540304130046,0.33209723269865177,0.21426389948687782,123
X,106,1,0.021935863,0.012029150064279742,0.2684950256047657,0.09259634504342384,152
AI,106,0,0.0,0.016112214800333667,0.4170078260914315,0.30772902137339087,115
HU,106,1,0.0044726427,0.014496540304130046,0.33209723269865177,0.21426389948687782,123
X,107,0,0.0,0.012029150064279742,0.2684950256047657,0.09259634504342384,152
AI,107,1,0.0052565313,0.016112214800333667,0.4170078260914315,0.30772902137339087,115
HU,107,0,0.0,0.014496540304130046,0.33209723269865177,0.21426389948687782,123
X,108,1,-0.038490172,0.012029150064279742,0.2684950256047657,0.09259634504342384,152
AI,108,0,0.0,0.016112214800333667,0.4170078260914315,0.30772902137339087,115
HU,108,1,0.0088493,0.014496540304130046,0.33209723269865177,0.21426389948687782,123
X,109,0,0.0,0.012029150064279742,0.2684950256047657,0.09259634504342384,152
AI,109,1,0.0035149993,0.016112214800333667,0.4170078260914315,0.30772902137339087,115
HU,109,0,0.0,0.014496540304130046,0.33209723269865177,0.21426389948687782,123
X,110,1,-0.059316907,0.012029150064279742,0.2684950256047657,0.09259634504342384,152
AI,110,1,-0.01967896,0.016112214800333667,0.4170078260914315,0.30772902137339087,115
HU,110,1,-0.034264058,0.014496540304130046,0.33209723269865177,0.21426389948687782,123
X,111,1,0.002611612,0.012029150064279742,0.2684950256047657,0.09259634504342384,152
AI,111,0,0.0,0.016112214800333667,0.4170078260914315,0.30772902137339087,115
HU,111,1,0.0038379147,0.014496540304130046,0.33209723269865177,0.21426389948687782,123
X,112,1,-0.03224888,0.012029150064279742,0.2684950256047657,0.09259634504342384,152
AI,112,1,-0.0056437557,0.016112214800333667,0.4170078260914315,0.30772902137339087,115
HU,112,1,-0.031068297,0.014496540304130046,0.33209723269865177,0.21426389948687782,123
X,113,0,0.0,0.012029150064279742,0.2684950256047657,0.09259634504342384,152
AI,113,1,-0.005461296,0.016112214800333667,0.4170078260914315,0.30772902137339087,115
HU,113,0,-0.0,0.014496540304130046,0.33209723269865177,0.21426389948687782,123
X,114,1,0.022434084,0.012029150064279742,0.2684950256047657,0.09259634504342384,152
AI,114,1,0.00040169008,0.016112214800333667,0.4170078260914315,0.30772902137339087,115
HU,114,0,0.0,0.014496540304130046,0.33209723269865177,0.21426389948687782,123
X,115,1,-0.006993535,0.012029150064279742,0.2684950256047657,0.09259634504342384,152
AI,115,0,0.0,0.016112214800333667,0.4170078260914315,0.30772902137339087,115
HU,115,1,-0.019302184,0.014496540304130046,0.33209723269865177,0.21426389948687782,123
X,116,1,0.01454344,0.012029150064279742,0.2684950256047657,0.09259634504342384,152
AI,116,1,0.046500865,0.016112214800333667,0.4170078260914315,0.30772902137339087,115
HU,116,0,-0.0,0.014496540304130046,0.33209723269865177,0.21426389948687782,123
X,117,0,0.0,0.012029150064279742,0.2684950256047657,0.09259634504342384,152
AI,117,1,0.020549392,0.016112214800333667,0.4170078260914315,0.30772902137339087,115
HU,117,1,0.0007697552,0.014496540304130046,0.33209723269865177,0.21426389948687782,123
X,118,1,0.0042970846,0.012029150064279742,0.2684950256047657,0.09259634504342384,152
AI,118,1,0.033476338,0.016112214800333667,0.4170078260914315,0.30772902137339087,115
HU,118,0,-0.0,0.014496540304130046,0.33209723269865177,0.21426389948687782,123
X,119,1,0.0069235214,0.012029150064279742,0.2684950256047657,0.09259634504342384,152
AI,119,0,0.0,0.016112214800333667,0.4170078260914315,0.30772902137339087,115
HU,119,0,-0.0,0.014496540304130046,0.33209723269865177,0.21426389948687782,123
X,120,0,0.0,0.012029150064279742,0.2684950256047657,0.09259634504342384,152
AI,120,1,0.007220628,0.016112214800333667,0.4170078260914315,0.30772902137339087,115
HU,120,0,-0.0,0.014496540304130046,0.33209723269865177,0.21426389948687782,123
X,121,1,0.01690355,0.012029150064279742,0.2684950256047657,0.09259634504342384,152
AI,121,0,-0.0,0.016112214800333667,0.4170078260914315,0.30772902137339087,115
HU,121,0,0.0,0.014496540304130046,0.33209723269865177,0.21426389948687782,123
X,122,0,0.0,0.012029150064279742,0.2684950256047657,0.09259634504342384,152
AI,122,0,0.0,0.016112214800333667,0.4170078260914315,0.30772902137339087,115
HU,122,1,0.0071744886,0.014496540304130046,0.33209723269865177,0.21426389948687782,123
X,123,1,0.012063543,0.012029150064279742,0.2684950256047657,0.09259634504342384,152
AI,123,0,0.0,0.016112214800333667,0.4170078260914315,0.30772902137339087,115
HU,123,1,0.006404975,0.014496540304130046,0.33209723269865177,0.21426389948687782,123
X,124,1,0.017097702,0.012029150064279742,0.2684950256047657,0.09259634504342384,152
AI,124,0,0.0,0.016112214800333667,0.4170078260914315,0.30772902137339087,115
HU,124,0,0.0,0.014496540304130046,0.33209723269865177,0.21426389948687782,123
X,125,1,-0.018456822,0.012029150064279742,0.2684950256047657,0.09259634504342384,152
AI,125,0,0.0,0.016112214800333667,0.4170078260914315,0.30772902137339087,115
HU,125,1,-0.032480586,0.014496540304130046,0.33209723269865177,0.21426389948687782,123
X,126,1,0.024107138,0.012029150064279742,0.2684950256047657,0.09259634504342384,152
AI,126,1,0.0028062302,0.016112214800333667,0.4170078260914315,0.30772902137339087,115
HU,126,1,0.054676913,0.014496540304130046,0.33209723269865177,0.21426389948687782,123
X,127,1,0.05437859,0.012029150064279742,0.2684950256047657,0.09259634504342384,152
AI,127,0,0.0,0.016112214800333667,0.4170078260914315,0.30772902137339087,115
HU,127,1,0.025688453,0.014496540304130046,0.33209723269865177,0.21426389948687782,123
X,128,1,0.028376173,0.012029150064279742,0.2684950256047657,0.09259634504342384,152
AI,128,0,0.0,0.016112214800333667,0.4170078260914315,0.30772902137339087,115
HU,128,0,0.0,0.014496540304130046,0.33209723269865177,0.21426389948687782,123
X,129,1,0.03499618,0.012029150064279742,0.2684950256047657,0.09259634504342384,152
AI,129,0,-0.0,0.016112214800333667,0.4170078260914315,0.30772902137339087,115
HU,129,1,0.018628238,0.014496540304130046,0.33209723269865177,0.21426389948687782,123
X,130,1,0.03362381,0.012029150064279742,0.2684950256047657,0.09259634504342384,152
AI,130,0,0.0,0.016112214800333667,0.4170078260914315,0.30772902137339087,115
HU,130,0,0.0,0.014496540304130046,0.33209723269865177,0.21426389948687782,123
X,131,1,-0.040618367,0.012029150064279742,0.2684950256047657,0.09259634504342384,152
AI,131,0,0.0,0.016112214800333667,0.4170078260914315,0.30772902137339087,115
HU,131,0,0.0,0.014496540304130046,0.33209723269865177,0.21426389948687782,123
X,132,0,-0.0,0.012029150064279742,0.2684950256047657,0.09259634504342384,152
AI,132,1,0.016348464,0.016112214800333667,0.4170078260914315,0.30772902137339087,115
HU,132,1,0.04208315,0.014496540304130046,0.33209723269865177,0.21426389948687782,123
X,133,1,-0.018497353,0.012029150064279742,0.2684950256047657,0.09259634504342384,152
AI,133,0,-0.0,0.016112214800333667,0.4170078260914315,0.30772902137339087,115
HU,133,1,-0.029741159,0.014496540304130046,0.33209723269865177,0.21426389948687782,123
X,134,0,0.0,0.012029150064279742,0.2684950256047657,0.09259634504342384,152
AI,134,1,0.014364295,0.016112214800333667,0.4170078260914315,0.30772902137339087,115
HU,134,0,0.0,0.014496540304130046,0.33209723269865177,0.21426389948687782,123
X,135,1,-0.030854773,0.012029150064279742,0.2684950256047657,0.09259634504342384,152
AI,135,1,-0.023274817,0.016112214800333667,0.4170078260914315,0.30772902137339087,115
HU,135,1,-0.05748049,0.014496540304130046,0.33209723269865177,0.21426389948687782,123
X,136,1,0.058547433,0.012029150064279742,0.2684950256047657,0.09259634504342384,152
AI,136,1,0.017558137,0.016112214800333667,0.4170078260914315,0.30772902137339087,115
HU,136,1,0.02422747,0.014496540304130046,0.33209723269865177,0.21426389948687782,123
X,137,1,0.027255176,0.012029150064279742,0.2684950256047657,0.09259634504342384,152
AI,137,0,0.0,0.016112214800333667,0.4170078260914315,0.30772902137339087,115
HU,137,0,0.0,0.014496540304130046,0.33209723269865177,0.21426389948687782,123
X,138,1,-0.011338528,0.012029150064279742,0.2684950256047657,0.09259634504342384,152
AI,138,0,-0.0,0.016112214800333667,0.4170078260914315,0.30772902137339087,115
HU,138,1,-0.011565623,0.014496540304130046,0.33209723269865177,0.21426389948687782,123
X,139,1,-0.034161035,0.012029150064279742,0.2684950256047657,0.09259634504342384,152
AI,139,1,-0.0060232547,0.016112214800333667,0.4170078260914315,0.30772902137339087,115
HU,139,1,-0.010381259,0.014496540304130046,0.33209723269865177,0.21426389948687782,123
X,140,1,0.008266279,0.012029150064279742,0.2684950256047657,0.09259634504342384,152
AI,140,1,-0.009473628,0.016112214800333667,0.4170078260914315,0.30772902137339087,115
HU,140,1,-0.022494832,0.014496540304130046,0.33209723269865177,0.21426389948687782,123
X,141,1,0.020918055,0.012029150064279742,0.2684950256047657,0.09259634504342384,152
AI,141,1,0.013372639,0.016112214800333667,0.4170078260914315,0.30772902137339087,115
HU,141,0,0.0,0.014496540304130046,0.33209723269865177,0.21426389948687782,123
X,142,0,-0.0,0.012029150064279742,0.2684950256047657,0.09259634504342384,152
AI,142,0,-0.0,0.016112214800333667,0.4170078260914315,0.30772902137339087,115
HU,142,1,-0.006004086,0.014496540304130046,0.33209723269865177,0.21426389948687782,123
X,143,1,0.021467624,0.012029150064279742,0.2684950256047657,0.09259634504342384,152
AI,143,0,0.0,0.016112214800333667,0.4170078260914315,0.30772902137339087,115
HU,143,1,0.014001571,0.014496540304130046,0.33209723269865177,0.21426389948687782,123
X,144,1,0.029420918,0.012029150064279742,0.2684950256047657,0.09259634504342384,152
AI,144,0,0.0,0.016112214800333667,0.4170078260914315,0.30772902137339087,115
HU,144,1,0.016659582,0.014496540304130046,0.33209723269865177,0.21426389948687782,123
X,145,0,-0.0,0.012029150064279742,0.2684950256047657,0.09259634504342384,152
AI,145,1,-0.00081164326,0.016112214800333667,0.4170078260914315,0.30772902137339087,115
HU,145,0,0.0,0.014496540304130046,0.33209723269865177,0.21426389948687782,123
X,146,1,0.003796974,0.012029150064279742,0.2684950256047657,0.09259634504342384,152
AI,146,0,-0.0,0.016112214800333667,0.4170078260914315,0.30772902137339087,115
HU,146,1,0.00857683,0.014496540304130046,0.33209723269865177,0.21426389948687782,123
X,147,0,-0.0,0.012029150064279742,0.2684950256047657,0.09259634504342384,152
AI,147,0,0.0,0.016112214800333667,0.4170078260914315,0.30772902137339087,115
HU,147,0,0.0,0.014496540304130046,0.33209723269865177,0.21426389948687782,123
X,148,1,0.016851744,0.012029150064279742,0.2684950256047657,0.09259634504342384,152
AI,148,0,0.0,0.016112214800333667,0.4170078260914315,0.30772902137339087,115
HU,148,0,-0.0,0.014496540304130046,0.33209723269865177,0.21426389948687782,123
X,149,1,-0.009601017,0.012029150064279742,0.2684950256047657,0.09259634504342384,152
AI,149,1,0.02880621,0.016112214800333667,0.4170078260914315,0.30772902137339087,115
HU,149,0,0.0,0.014496540304130046,0.33209723269865177,0.21426389948687782,123
X,150,1,0.011458436,0.012029150064279742,0.2684950256047657,0.09259634504342384,152
AI,150,0,-0.0,0.016112214800333667,0.4170078260914315,0.30772902137339087,115
HU,150,1,-0.00358123,0.014496540304130046,0.33209723269865177,0.21426389948687782,123
X,151,1,0.03561335,0.012029150064279742,0.2684950256047657,0.09259634504342384,152
AI,151,0,0.0,0.016112214800333667,0.4170078260914315,0.30772902137339087,115
HU,151,1,0.0133530395,0.014496540304130046,0.33209723269865177,0.21426389948687782,123
X,152,1,-0.009204051,0.012029150064279742,0.2684950256047657,0.09259634504342384,152
AI,152,0,0.0,0.016112214800333667,0.4170078260914315,0.30772902137339087,115
HU,152,1,0.022087727,0.014496540304130046,0.33209723269865177,0.21426389948687782,123
X,153,0,0.0,0.012029150064279742,0.2684950256047657,0.09259634504342384,152
AI,153,1,-0.0015682239,0.016112214800333667,0.4170078260914315,0.30772902137339087,115
HU,153,0,0.0,0.014496540304130046,0.33209723269865177,0.21426389948687782,123
X,154,0,0.0,0.012029150064279742,0.2684950256047657,0.09259634504342384,152
AI,154,1,5.146468e-05,0.016112214800333667,0.4170078260914315,0.30772902137339087,115
HU,154,0,0.0,0.014496540304130046,0.33209723269865177,0.21426389948687782,123
X,155,1,-0.016020102,0.012029150064279742,0.2684950256047657,0.09259634504342384,152
AI,155,1,-0.0057702763,0.016112214800333667,0.4170078260914315,0.30772902137339087,115
HU,155,0,-0.0,0.014496540304130046,0.33209723269865177,0.21426389948687782,123
X,156,0,0.0,0.012029150064279742,0.2684950256047657,0.09259634504342384,152
AI,156,0,0.0,0.016112214800333667,0.4170078260914315,0.30772902137339087,115
HU,156,0,0.0,0.014496540304130046,0.33209723269865177,0.21426389948687782,123
X,157,1,-0.023335068,0.012029150064279742,0.2684950256047657,0.09259634504342384,152
AI,157,1,-0.012809315,0.016112214800333667,0.4170078260914315,0.30772902137339087,115
HU,157,1,-0.00039924917,0.014496540304130046,0.33209723269865177,0.21426389948687782,123
X,158,1,-0.021678431,0.012029150064279742,0.2684950256047657,0.09259634504342384,152
AI,158,0,-0.0,0.016112214800333667,0.4170078260914315,0.30772902137339087,115
HU,158,0,-0.0,0.014496540304130046,0.33209723269865177,0.21426389948687782,123
X,159,1,-0.009712177,0.012029150064279742,0.2684950256047657,0.09259634504342384,152
AI,159,1,-0.028226072,0.016112214800333667,0.4170078260914315,0.30772902137339087,115
HU,159,1,-0.028380435,0.014496540304130046,0.33209723269865177,0.21426389948687782,123
X,160,1,0.014424839,0.012029150064279742,0.2684950256047657,0.09259634504342384,152
AI,160,1,0.007131876,0.016112214800333667,0.4170078260914315,0.30772902137339087,115
HU,160,1,0.01902954,0.014496540304130046,0.33209723269865177,0.21426389948687782,123
X,161,1,-0.017243199,0.012029150064279742,0.2684950256047657,0.09259634504342384,152
AI,161,0,-0.0,0.016112214800333667,0.4170078260914315,0.30772902137339087,115
HU,161,0,0.0,0.014496540304130046,0.33209723269865177,0.21426389948687782,123
X,162,1,-0.035071265,0.012029150064279742,0.2684950256047657,0.09259634504342384,152
AI,162,1,-0.014547472,0.016112214800333667,0.4170078260914315,0.30772902137339087,115
HU,162,1,-0.03099166,0.014496540304130046,0.33209723269865177,0.21426389948687782,123
X,163,0,-0.0,0.012029150064279742,0.2684950256047657,0.09259634504342384,152
AI,163,0,-0.0,0.016112214800333667,0.4170078260914315,0.30772902137339087,115
HU,163,0,0.0,0.014496540304130046,0.33209723269865177,0.21426389948687782,123
X,164,1,0.011938385,0.012029150064279742,0.2684950256047657,0.09259634504342384,152
AI,164,1,-0.015843602,0.016112214800333667,0.4170078260914315,0.30772902137339087,115
HU,164,1,-0.008862142,0.014496540304130046,0.33209723269865177,0.21426389948687782,123
X,165,1,0.020503681,0.012029150064279742,0.2684950256047657,0.09259634504342384,152
AI,165,0,0.0,0.016112214800333667,0.4170078260914315,0.30772902137339087,115
HU,165,1,0.008035496,0.014496540304130046,0.33209723269865177,0.21426389948687782,123
X,166,1,0.0020094765,0.012029150064279742,0.2684950256047657,0.09259634504342384,152
AI,166,0,-0.0,0.016112214800333667,0.4170078260914315,0.30772902137339087,115
HU,166,1,-0.01216385,0.014496540304130046,0.33209723269865177,0.21426389948687782,123
X,167,1,0.026254248,0.012029150064279742,0.2684950256047657,0.09259634504342384,152
AI,167,0,-0.0,0.016112214800333667,0.4170078260914315,0.30772902137339087,115
HU,167,1,-0.028536884,0.014496540304130046,0.33209723269865177,0.21426389948687782,123
X,168,1,-0.00040609456,0.012029150064279742,0.2684950256047657,0.09259634504342384,152
AI,168,1,0.012279186,0.016112214800333667,0.4170078260914315,0.30772902137339087,115
HU,168,0,-0.0,0.014496540304130046,0.33209723269865177,0.21426389948687782,123
X,169,0,-0.0,0.012029150064279742,0.2684950256047657,0.09259634504342384,152
AI,169,0,0.0,0.016112214800333667,0.4170078260914315,0.30772902137339087,115
HU,169,0,0.0,0.014496540304130046,0.33209723269865177,0.21426389948687782,123
X,170,1,-0.024728091,0.012029150064279742,0.2684950256047657,0.09259634504342384,152
AI,170,0,-0.0,0.016112214800333667,0.4170078260914315,0.30772902137339087,115
HU,170,0,-0.0,0.014496540304130046,0.33209723269865177,0.21426389948687782,123
X,171,1,0.024523618,0.012029150064279742,0.2684950256047657,0.09259634504342384,152
AI,171,1,0.013000434,0.016112214800333667,0.4170078260914315,0.30772902137339087,115
HU,171,1,0.030059017,0.014496540304130046,0.33209723269865177,0.21426389948687782,123
X,172,0,0.0,0.012029150064279742,0.2684950256047657,0.09259634504342384,152
AI,172,1,-0.006762153,0.016112214800333667,0.4170078260914315,0.30772902137339087,115
HU,172,0,-0.0,0.014496540304130046,0.33209723269865177,0.21426389948687782,123
X,173,1,0.00952809,0.012029150064279742,0.2684950256047657,0.09259634504342384,152
AI,173,1,0.006111612,0.016112214800333667,0.4170078260914315,0.30772902137339087,115
HU,173,0,-0.0,0.014496540304130046,0.33209723269865177,0.21426389948687782,123
X,174,0,0.0,0.012029150064279742,0.2684950256047657,0.09259634504342384,152
AI,174,0,-0.0,0.016112214800333667,0.4170078260914315,0.30772902137339087,115
HU,174,1,0.018779306,0.014496540304130046,0.33209723269865177,0.21426389948687782,123
X,175,1,-0.036504984,0.012029150064279742,0.2684950256047657,0.09259634504342384,152
AI,175,0,-0.0,0.016112214800333667,0.4170078260914315,0.30772902137339087,115
HU,175,1,-0.026771009,0.014496540304130046,0.33209723269865177,0.21426389948687782,123
X,176,0,-0.0,0.012029150064279742,0.2684950256047657,0.09259634504342384,152
AI,176,0,-0.0,0.016112214800333667,0.4170078260914315,0.30772902137339087,115
HU,176,0,-0.0,0.014496540304130046,0.33209723269865177,0.21426389948687782,123
X,177,1,0.02318461,0.012029150064279742,0.2684950256047657,0.09259634504342384,152
AI,177,1,-0.0061747613,0.016112214800333667,0.4170078260914315,0.30772902137339087,115
HU,177,0,0.0,0.014496540304130046,0.33209723269865177,0.21426389948687782,123
X,178,0,0.0,0.012029150064279742,0.2684950256047657,0.09259634504342384,152
AI,178,1,0.0024228327,0.016112214800333667,0.4170078260914315,0.30772902137339087,115
HU,178,1,0.007873783,0.014496540304130046,0.33209723269865177,0.21426389948687782,123
X,179,0,-0.0,0.012029150064279742,0.2684950256047657,0.09259634504342384,152
AI,179,1,0.009587605,0.016112214800333667,0.4170078260914315,0.30772902137339087,115
HU,179,0,-0.0,0.014496540304130046,0.33209723269865177,0.21426389948687782,123
X,180,0,-0.0,0.012029150064279742,0.2684950256047657,0.09259634504342384,152
AI,180,0,-0.0,0.016112214800333667,0.4170078260914315,0.30772902137339087,115
HU,180,0,0.0,0.014496540304130046,0.33209723269865177,0.21426389948687782,123
X,181,1,-0.0006217006,0.012029150064279742,0.2684950256047657,0.09259634504342384,152
AI,181,1,-0.020318676,0.016112214800333667,0.4170078260914315,0.30772902137339087,115
HU,181,0,0.0,0.014496540304130046,0.33209723269865177,0.21426389948687782,123
X,182,1,-0.030763887,0.012029150064279742,0.2684950256047657,0.09259634504342384,152
AI,182,0,-0.0,0.016112214800333667,0.4170078260914315,0.30772902137339087,115
HU,182,1,-0.010351198,0.014496540304130046,0.33209723269865177,0.21426389948687782,123
X,183,1,0.04349903,0.012029150064279742,0.2684950256047657,0.09259634504342384,152
AI,183,1,0.023555428,0.016112214800333667,0.4170078260914315,0.30772902137339087,115
HU,183,1,0.025468035,0.014496540304130046,0.33209723269865177,0.21426389948687782,123
X,184,1,0.032718968,0.012029150064279742,0.2684950256047657,0.09259634504342384,152
AI,184,0,0.0,0.016112214800333667,0.4170078260914315,0.30772902137339087,115
HU,184,0,0.0,0.014496540304130046,0.33209723269865177,0.21426389948687782,123
X,185,0,-0.0,0.012029150064279742,0.2684950256047657,0.09259634504342384,152
AI,185,0,0.0,0.016112214800333667,0.4170078260914315,0.30772902137339087,115
HU,185,1,-0.011100434,0.014496540304130046,0.33209723269865177,0.21426389948687782,123
X,186,1,0.002544769,0.012029150064279742,0.2684950256047657,0.09259634504342384,152
AI,186,1,-0.012986369,0.016112214800333667,0.4170078260914315,0.30772902137339087,115
HU,186,0,-0.0,0.014496540304130046,0.33209723269865177,0.21426389948687782,123
X,187,0,0.0,0.012029150064279742,0.2684950256047657,0.09259634504342384,152
AI,187,0,-0.0,0.016112214800333667,0.4170078260914315,0.30772902137339087,115
HU,187,1,-0.0071015498,0.014496540304130046,0.33209723269865177,0.21426389948687782,123
X,188,0,0.0,0.012029150064279742,0.2684950256047657,0.09259634504342384,152
AI,188,0,-0.0,0.016112214800333667,0.4170078260914315,0.30772902137339087,115
HU,188,1,0.011491584,0.014496540304130046,0.33209723269865177,0.21426389948687782,123
X,189,1,0.031040156,0.012029150064279742,0.2684950256047657,0.09259634504342384,152
AI,189,0,0.0,0.016112214800333667,0.4170078260914315,0.30772902137339087,115
HU,189,1,0.00057696784,0.014496540304130046,0.33209723269865177,0.21426389948687782,123
X,190,1,-0.016796114,0.012029150064279742,0.2684950256047657,0.09259634504342384,152
AI,190,1,-0.0067385184,0.016112214800333667,0.4170078260914315,0.30772902137339087,115
HU,190,1,-0.036124017,0.014496540304130046,0.33209723269865177,0.21426389948687782,123
X,191,0,0.0,0.012029150064279742,0.2684950256047657,0.09259634504342384,152
AI,191,1,-0.0024305969,0.016112214800333667,0.4170078260914315,0.30772902137339087,115
HU,191,0,0.0,0.014496540304130046,0.33209723269865177,0.21426389948687782,123
X,192,0,0.0,0.012029150064279742,0.2684950256047657,0.09259634504342384,152
AI,192,0,-0.0,0.016112214800333667,0.4170078260914315,0.30772902137339087,115
HU,192,1,-0.0003508387,0.014496540304130046,0.33209723269865177,0.21426389948687782,123
X,193,1,-0.007946845,0.012029150064279742,0.2684950256047657,0.09259634504342384,152
AI,193,1,-0.0024589067,0.016112214800333667,0.4170078260914315,0.30772902137339087,115
HU,193,1,-0.022932379,0.014496540304130046,0.33209723269865177,0.21426389948687782,123
X,194,1,0.01100252,0.012029150064279742,0.2684950256047657,0.09259634504342384,152
AI,194,0,0.0,0.016112214800333667,0.4170078260914315,0.30772902137339087,115
HU,194,0,0.0,0.014496540304130046,0.33209723269865177,0.21426389948687782,123
X,195,1,-0.0158401,0.012029150064279742,0.2684950256047657,0.09259634504342384,152
AI,195,1,0.014617825,0.016112214800333667,0.4170078260914315,0.30772902137339087,115
HU,195,0,-0.0,0.014496540304130046,0.33209723269865177,0.21426389948687782,123
X,196,0,0.0,0.012029150064279742,0.2684950256047657,0.09259634504342384,152
AI,196,0,-0.0,0.016112214800333667,0.4170078260914315,0.30772902137339087,115
HU,196,0,-0.0,0.014496540304130046,0.33209723269865177,0.21426389948687782,123
X,197,1,-0.024811978,0.012029150064279742,0.2684950256047657,0.09259634504342384,152
AI,197,1,-0.012470825,0.016112214800333667,0.4170078260914315,0.30772902137339087,115
HU,197,1,0.004468229,0.014496540304130046,0.33209723269865177,0.21426389948687782,123
X,198,0,0.0,0.012029150064279742,0.2684950256047657,0.09259634504342384,152
AI,198,0,0.0,0.016112214800333667,0.4170078260914315,0.30772902137339087,115
HU,198,1,-0.0058877193,0.014496540304130046,0.33209723269865177,0.21426389948687782,123
X,199,1,0.00047693835,0.012029150064279742,0.2684950256047657,0.09259634504342384,152
AI,199,1,0.02229818,0.016112214800333667,0.4170078260914315,0.30772902137339087,115
HU,199,0,-0.0,0.014496540304130046,0.33209723269865177,0.21426389948687782,123
X,200,1,0.013466978,0.012029150064279742,0.2684950256047657,0.09259634504342384,152
AI,200,0,-0.0,0.016112214800333667,0.4170078260914315,0.30772902137339087,115
HU,200,1,-0.0019736632,0.014496540304130046,0.33209723269865177,0.21426389948687782,123
