Outcome,PC,Selected,LASSO_Coefficient,PostLASSO_Coefficient,Std_Error,t_statistic,p_value,CI_95_lower,CI_95_upper,Model_R2_insample,Model_R2_CV,N_selected
X,1,1,0.61160696,0.620400939029284,0.013793837953129481,44.976672999738284,0.0,0.5933650166411502,0.6474368614174177,0.6231461983797097,0.6023266676625999,40
AI,1,1,0.20372416,0.2136404583186835,0.020133930920008623,10.610966093380835,2.649947529087271e-26,0.1741779537154666,0.2531029629219004,0.26787529537075605,0.22086883849060582,40
HU,1,1,-0.71902865,-0.7226251261535668,0.011264486197327402,-64.15074007769799,0.0,-0.7447035191003285,-0.700546733206805,0.7361314040098569,0.7174261750782035,48
X,2,1,0.12998724,0.13878127339279675,0.014659468433365557,9.467005848378841,2.8797995583600424e-21,0.11004871526340027,0.16751383152219324,0.6231461983797097,0.6023266676625999,40
AI,2,1,0.19458543,0.2045017316710838,0.02036442051357242,10.042109056566972,9.952311625434258e-24,0.16458746746448186,0.24441599587768573,0.26787529537075605,0.22086883849060582,40
HU,2,1,-0.003043612,-0.006640137641826787,0.012552633995574162,-0.5289836096685351,0.5968168199490222,-0.031243300273152145,0.01796302498949857,0.7361314040098569,0.7174261750782035,48
X,3,1,0.18780226,0.19659629337082069,0.014677588502563546,13.394318374335384,6.527253187654681e-41,0.16782821990579613,0.22536436683584524,0.6231461983797097,0.6023266676625999,40
AI,3,1,0.12143323,0.1313495403343128,0.021097256157028104,6.225906314862488,4.787801137551152e-10,0.0899989182665377,0.17270016240208785,0.26787529537075605,0.22086883849060582,40
HU,3,1,-0.15197861,-0.15557513705279213,0.012686676431631594,-12.262875772956408,1.4332167802124052e-34,-0.18044102285879005,-0.13070925124679422,0.7361314040098569,0.7174261750782035,48
X,4,0,-0.0,0.0,0.0,,,,,0.6231461983797097,0.6023266676625999,40
AI,4,0,-0.0,0.0,0.0,,,,,0.26787529537075605,0.22086883849060582,40
HU,4,1,0.01033891,0.013935434425515132,0.013264191747152727,1.0506056223521114,0.29343975775614495,-0.01206238139890421,0.03993325024993447,0.7361314040098569,0.7174261750782035,48
X,5,1,-0.06856453,-0.07735856618955364,0.014351549364511364,-5.3902588650704555,7.035626287931628e-08,-0.10548760294399591,-0.04922952943511137,0.6231461983797097,0.6023266676625999,40
AI,5,1,0.056258246,0.06617455190952246,0.021312917272069055,3.1049035223462975,0.0019034109860521398,0.02440123405626711,0.1079478697627778,0.26787529537075605,0.22086883849060582,40
HU,5,1,0.17470235,0.1782988568357552,0.012459024288017002,14.31082023070151,1.872912247795629e-46,0.15387916923124187,0.20271854444026852,0.7361314040098569,0.7174261750782035,48
X,6,1,0.20848408,0.2172781213069469,0.01389081303007345,15.641857739827199,3.775509137086763e-55,0.19005212776800295,0.24450411484589085,0.6231461983797097,0.6023266676625999,40
AI,6,1,0.07638726,0.08630356262060257,0.01978333148523297,4.362438282198467,1.2862087652557545e-05,0.04752823290954595,0.1250788923316592,0.26787529537075605,0.22086883849060582,40
HU,6,1,-0.2281876,-0.23178411429614856,0.011759519168159845,-19.710339426439205,1.7578394824711817e-86,-0.2548327718657419,-0.20873545672655527,0.7361314040098569,0.7174261750782035,48
X,7,1,0.21873906,0.2275331060933125,0.015104898483291536,15.06353096944021,2.8135009521734247e-51,0.1979275050660611,0.2571387071205639,0.6231461983797097,0.6023266676625999,40
AI,7,1,0.19122364,0.20113993161585708,0.02182158700522066,9.217474951191027,3.041786169671509e-20,0.15836962108562458,0.24391024214608958,0.26787529537075605,0.22086883849060582,40
HU,7,1,-0.12562466,-0.12922118772171912,0.012124706240726429,-10.657675753633523,1.6055982336452068e-26,-0.1529856119535429,-0.10545676348989531,0.7361314040098569,0.7174261750782035,48
X,8,1,0.07272401,0.0815180320327715,0.015613376468549626,5.221038011667438,1.779230126550219e-07,0.050915814154414235,0.11212024991112876,0.6231461983797097,0.6023266676625999,40
AI,8,1,-0.0074479426,-0.017364243788403677,0.021018186882166136,-0.8261532683933447,0.40871715357169325,-0.05855989007744931,0.023831402500641953,0.26787529537075605,0.22086883849060582,40
HU,8,1,-0.13914058,-0.14273708824716336,0.012779896496947692,-11.168876702659855,5.790855955893204e-29,-0.16778568538118083,-0.11768849111314589,0.7361314040098569,0.7174261750782035,48
X,9,1,0.016973943,0.02576797208734432,0.014931267761259559,1.725772553232319,0.08438833946023626,-0.003497312724724415,0.055033256899413054,0.6231461983797097,0.6023266676625999,40
AI,9,1,0.07658063,0.08649692088094764,0.02059883114815416,4.199117913964674,2.6795676591404034e-05,0.04612321183056549,0.1268706299313298,0.26787529537075605,0.22086883849060582,40
HU,9,1,0.042466287,0.046062797173661026,0.012680178712831818,3.632661511863975,0.0002805128859949694,0.021209646896510663,0.0709159474508114,0.7361314040098569,0.7174261750782035,48
X,10,0,0.0,0.0,0.0,,,,,0.6231461983797097,0.6023266676625999,40
AI,10,1,0.030973455,0.040889762334341155,0.020595262979438266,1.9853964659331784,0.047100378862797145,0.0005230468946421513,0.08125647777404016,0.26787529537075605,0.22086883849060582,40
HU,10,1,0.03828929,0.041885817299760916,0.012575004243659937,3.3308789792956848,0.0008657223089451777,0.01723880898218744,0.0665328256173344,0.7361314040098569,0.7174261750782035,48
X,11,1,-0.014310529,-0.0231045601001471,0.014872860534518039,-1.5534711729814397,0.1203106109446459,-0.052255366747802456,0.006046246547508259,0.6231461983797097,0.6023266676625999,40
AI,11,1,0.025997488,0.035913780904835685,0.020577921046193517,1.7452579793758602,0.0809399728738629,-0.004418944345703606,0.07624650615537498,0.26787529537075605,0.22086883849060582,40
HU,11,1,0.05329527,0.05689179112727447,0.012979566288444698,4.3831812144542495,1.169587458552635e-05,0.03145184120192286,0.08233174105262608,0.7361314040098569,0.7174261750782035,48
X,12,1,-0.03880496,-0.04759898920597062,0.015350469266485416,-3.100816553529943,0.0019298781084384333,-0.07768590896828204,-0.0175120694436592,0.6231461983797097,0.6023266676625999,40
AI,12,0,0.0,0.0,0.0,,,,,0.26787529537075605,0.22086883849060582,40
HU,12,1,0.06689049,0.07048701502504236,0.012579064626688534,5.603517997315371,2.1004429560914348e-08,0.04583204835673283,0.09514198169335189,0.7361314040098569,0.7174261750782035,48
X,13,1,0.10779193,0.11658596316981833,0.013896916482949492,8.389340420435055,4.8887718354938744e-17,0.08934800686323732,0.14382391947639933,0.6231461983797097,0.6023266676625999,40
AI,13,1,0.035135735,0.04505202660043149,0.020229474374713785,2.227048798496966,0.025944012610127718,0.00540225682599247,0.08470179637487052,0.26787529537075605,0.22086883849060582,40
HU,13,1,-0.11226333,-0.1158598541641385,0.011818754741395847,-9.803050888122156,1.0923546416484624e-22,-0.13902461345727438,-0.09269509487100265,0.7361314040098569,0.7174261750782035,48
X,14,1,0.07450866,0.08330268253158858,0.014805524672193222,5.626459337036686,1.8394612297568116e-08,0.05428385417408987,0.11232151088908729,0.6231461983797097,0.6023266676625999,40
AI,14,1,0.16281503,0.17273132909365194,0.019846168085248563,8.703510337697947,3.2177306898097148e-18,0.13383283964656476,0.21162981854073912,0.26787529537075605,0.22086883849060582,40
HU,14,1,0.03091541,0.03451192549164352,0.012435180405865026,2.7753457823069496,0.005514304472623767,0.010138971896148073,0.05888487908713898,0.7361314040098569,0.7174261750782035,48
X,15,1,-0.007268848,-0.01606287017897717,0.01502723152723157,-1.0689174616008856,0.2851068629772384,-0.045516243972351045,0.013390503614396705,0.6231461983797097,0.6023266676625999,40
AI,15,1,-0.0771225,-0.08703880658000562,0.020360457911677916,-4.274894354418413,1.912279489455638e-05,-0.12694530408689433,-0.04713230907311691,0.26787529537075605,0.22086883849060582,40
HU,15,1,-0.04305737,-0.04665389108787138,0.01343511396077249,-3.472534079285836,0.0005155695504417165,-0.07298671445098545,-0.0203210677247573,0.7361314040098569,0.7174261750782035,48
X,16,1,0.02716224,0.035956259584324406,0.014486999046171348,2.481967415731072,0.013065922260712702,0.007561741453828562,0.06435077771482026,0.6231461983797097,0.6023266676625999,40
AI,16,1,0.039379008,0.04929531857626057,0.019279641405772395,2.5568586852191855,0.010562211614903049,0.011507221420946678,0.08708341573157447,0.26787529537075605,0.22086883849060582,40
HU,16,1,-0.003151554,-0.006748076566635409,0.01284986913274713,-0.5251474934821193,0.5994806623754634,-0.03193382006681978,0.018437666933548966,0.7361314040098569,0.7174261750782035,48
X,17,1,0.06619875,0.07499278604891334,0.014985486271209497,5.0043611993420205,5.60475789210435e-07,0.045621232957342724,0.10436433914048396,0.6231461983797097,0.6023266676625999,40
AI,17,1,0.014363795,0.024280091026619627,0.021073094545452226,1.1521844109914792,0.24924530219941665,-0.017023174282466733,0.06558335633570599,0.26787529537075605,0.22086883849060582,40
HU,17,1,-0.07885459,-0.08245111879121812,0.012833648864094781,-6.424604542664008,1.322127728952071e-10,-0.10760507056484389,-0.057297167017592354,0.7361314040098569,0.7174261750782035,48
X,18,1,5.8898713e-05,0.00885291793531175,0.014538550724352093,0.6089271278245844,0.5425727420694675,-0.01964264148441835,0.03734847735504185,0.6231461983797097,0.6023266676625999,40
AI,18,0,-0.0,0.0,0.0,,,,,0.26787529537075605,0.22086883849060582,40
HU,18,1,-0.011204979,-0.014801504919973358,0.012786144735464185,-1.1576206296898301,0.2470188867517774,-0.03986234860148316,0.010259338761536445,0.7361314040098569,0.7174261750782035,48
X,19,1,-0.0125741055,-0.02136813959845924,0.014649488746235263,-1.4586269847779216,0.14466780228462495,-0.05008113754108036,0.007344858344161879,0.6231461983797097,0.6023266676625999,40
AI,19,1,-0.02242414,-0.03234043843108354,0.020473207352606323,-1.5796468952856315,0.11418775340493785,-0.07246792484219194,0.007787047980024851,0.26787529537075605,0.22086883849060582,40
HU,19,1,0.0048307697,0.00842728796648027,0.012740310118060065,0.6614664704695172,0.5083132103660712,-0.016543719864917455,0.033398295797877994,0.7361314040098569,0.7174261750782035,48
X,20,1,0.021659086,0.030453116943583696,0.014608586011519292,2.0846040075042533,0.037105260426337876,0.0018202883610058847,0.059085945526161504,0.6231461983797097,0.6023266676625999,40
AI,20,1,0.04646075,0.05637703226517667,0.02014095430649928,2.7991241828588223,0.0051241426497958655,0.016900761824438087,0.09585330270591526,0.26787529537075605,0.22086883849060582,40
HU,20,1,0.01737709,0.02097360429613176,0.011936741756529383,1.7570627499467537,0.07890711408959741,-0.002422409546665831,0.044369618138929354,0.7361314040098569,0.7174261750782035,48
X,21,1,-0.03531731,-0.044111342191109404,0.014666536245698728,-3.007618257790485,0.002633036577685161,-0.07285775323267892,-0.015364931149539896,0.6231461983797097,0.6023266676625999,40
AI,21,1,-0.03074243,-0.04065871887924582,0.02054848062988367,-1.9786727598786946,0.047852861812323746,-0.0809337409138178,-0.00038369684467382675,0.26787529537075605,0.22086883849060582,40
HU,21,1,0.0057148184,0.009311343657698834,0.012185909906410643,0.7641073772259235,0.44480325637952145,-0.014573039758866023,0.033195727074263694,0.7361314040098569,0.7174261750782035,48
X,22,1,-0.0607184,-0.06951243692345313,0.014976258670171798,-4.641508834372699,3.4587423115853924e-06,-0.09886590391698985,-0.04015896992991641,0.6231461983797097,0.6023266676625999,40
AI,22,1,-0.082895994,-0.09281227837684745,0.02094747939168144,-4.430713435321703,9.392183374743615e-06,-0.13386933798454306,-0.05175521876915184,0.26787529537075605,0.22086883849060582,40
HU,22,1,0.0065796124,0.010176129760818782,0.012467375715783937,0.8162206700753878,0.4143739368017877,-0.014259926642117733,0.0346121861637553,0.7361314040098569,0.7174261750782035,48
X,23,1,0.003296315,0.012090343477650908,0.01511397895325496,0.799944443157182,0.4237429865782333,-0.017533055270728813,0.04171374222603063,0.6231461983797097,0.6023266676625999,40
AI,23,1,-0.014438614,-0.024354907346976908,0.02071708049474076,-1.1755955359231067,0.2397565402633306,-0.0649603851166688,0.01625057042271498,0.26787529537075605,0.22086883849060582,40
HU,23,1,-0.038351566,-0.04194809669828218,0.01215448904633913,-3.4512431199990865,0.0005580106654464313,-0.06577089522910687,-0.018125298167457487,0.7361314040098569,0.7174261750782035,48
X,24,1,-0.07371089,-0.08250491423775579,0.014757246718829761,-5.590806727686014,2.260170462401738e-08,-0.11142911780666212,-0.05358071066884945,0.6231461983797097,0.6023266676625999,40
AI,24,1,-0.09447668,-0.10439298887535542,0.019786563132475194,-5.275953594185228,1.320675081838273e-07,-0.1431746526150068,-0.06561132513570403,0.26787529537075605,0.22086883849060582,40
HU,24,1,0.0031923042,0.006788832674112613,0.013830872987412235,0.49084628861036256,0.6235351682973365,-0.020319678381215366,0.033897343729440595,0.7361314040098569,0.7174261750782035,48
X,25,1,0.02415361,0.03294764490553227,0.014747152635837561,2.2341699254854848,0.025471894465147887,0.004043225739290654,0.06185206407177389,0.6231461983797097,0.6023266676625999,40
AI,25,1,0.013187134,0.023103441935614012,0.019711650462723187,1.1720703945773117,0.2411687949014426,-0.015531392971323436,0.06173827684255146,0.26787529537075605,0.22086883849060582,40
HU,25,1,-0.021443123,-0.02503963567487844,0.012866474994140552,-1.9461146651496697,0.051640967368235056,-0.05025792666339392,0.0001786553136370432,0.7361314040098569,0.7174261750782035,48
X,26,1,-0.05223727,-0.06103128175365264,0.015304505689351664,-3.987798298909847,6.66893244121064e-05,-0.0910281129047819,-0.03103445060252338,0.6231461983797097,0.6023266676625999,40
AI,26,1,-0.06077273,-0.07068903619201418,0.02055423802617319,-3.439146520634856,0.000583551304940438,-0.11097534272331364,-0.030402729660714722,0.26787529537075605,0.22086883849060582,40
HU,26,1,0.01957909,0.023175616126606846,0.012919004788539943,1.7939165211212889,0.07282649406172188,-0.002145633258931443,0.04849686551214513,0.7361314040098569,0.7174261750782035,48
X,27,0,-0.0,0.0,0.0,,,,,0.6231461983797097,0.6023266676625999,40
AI,27,1,0.008847441,0.018763740572448995,0.02012704220572833,0.9322651773994229,0.35119949923853466,-0.020685262150778535,0.05821274329567652,0.26787529537075605,0.22086883849060582,40
HU,27,1,0.01954229,0.023138812466060112,0.013286658978825385,1.7415072143370172,0.08159470979759431,-0.002903039132437644,0.04918066406455787,0.7361314040098569,0.7174261750782035,48
X,28,0,0.0,0.0,0.0,,,,,0.6231461983797097,0.6023266676625999,40
AI,28,0,-0.0,0.0,0.0,,,,,0.26787529537075605,0.22086883849060582,40
HU,28,1,0.0025845983,0.006181120608433978,0.013230985233352257,0.4671700934903019,0.6403781885793725,-0.019751610448936443,0.0321138516658044,0.7361314040098569,0.7174261750782035,48
X,29,1,-0.055769894,-0.06456393431950234,0.014257764594419506,-4.5283349919224145,5.945027948888948e-06,-0.09250915292456457,-0.036618715714440114,0.6231461983797097,0.6023266676625999,40
AI,29,1,-0.047694553,-0.05761086162740514,0.0197142176143969,-2.922300177174319,0.0034745649338815297,-0.09625072815162306,-0.01897099510318722,0.26787529537075605,0.22086883849060582,40
HU,29,1,0.03852242,0.042118933641657516,0.012257059115659464,3.4363001144252374,0.0005897173275351097,0.018095097774964968,0.06614276950835006,0.7361314040098569,0.7174261750782035,48
X,30,1,-0.0066111963,-0.015405231970592258,0.014750395182521902,-1.0443945250257625,0.29630289563819456,-0.044316006528335186,0.013505542587150667,0.6231461983797097,0.6023266676625999,40
AI,30,0,0.0,0.0,0.0,,,,,0.26787529537075605,0.22086883849060582,40
HU,30,1,0.018002026,0.02159854475560383,0.012730310175066442,1.6966236060694493,0.08976784394244901,-0.003352863187526395,0.046549952698734055,0.7361314040098569,0.7174261750782035,48
X,31,1,0.004018007,0.012812040249094,0.014413763220100833,0.888875448656383,0.374070021467121,-0.015438935662303633,0.04106301616049163,0.6231461983797097,0.6023266676625999,40
AI,31,1,-0.0067045437,-0.0166208466859458,0.020113734665679395,-0.8263431412519523,0.4086094674966533,-0.05604376663067741,0.022802073258785815,0.26787529537075605,0.22086883849060582,40
HU,31,1,-0.037042186,-0.04063871036302552,0.012840671989464569,-3.164842961207054,0.0015516667361606487,-0.06580642746237608,-0.015470993263674966,0.7361314040098569,0.7174261750782035,48
X,32,1,0.017443666,0.02623769927848405,0.015168988099816804,1.7296934446669467,0.08368506053677982,-0.003493517397156882,0.05596891595412498,0.6231461983797097,0.6023266676625999,40
AI,32,1,0.035160165,0.04507647863975148,0.02045952704237819,2.2032023783533092,0.027580487760591868,0.004975805636690228,0.08517715164281273,0.26787529537075605,0.22086883849060582,40
HU,32,1,0.0050056917,0.008602210459733188,0.01300410787007584,0.6614994696812693,0.5082920546007079,-0.01688584096561546,0.03409026188508184,0.7361314040098569,0.7174261750782035,48
X,33,0,-0.0,0.0,0.0,,,,,0.6231461983797097,0.6023266676625999,40
AI,33,1,0.01570471,0.02562101554520369,0.020689025692840455,1.2383867624114353,0.2155726866537243,-0.014929474812763598,0.06617150590317097,0.26787529537075605,0.22086883849060582,40
HU,33,1,0.030109905,0.03370643757687647,0.013882333176228192,2.4280095535089625,0.01518194335350126,0.006497064551469214,0.060915810602283724,0.7361314040098569,0.7174261750782035,48
X,34,1,0.018613726,0.02740775565061694,0.015398061244183027,1.779948476368793,0.07508439321201105,-0.0027724443879817914,0.057587955689215674,0.6231461983797097,0.6023266676625999,40
AI,34,0,0.0,0.0,0.0,,,,,0.26787529537075605,0.22086883849060582,40
HU,34,1,-0.037559345,-0.041155862755863144,0.012815523093163668,-3.2114071705600056,0.0013208663756078384,-0.06627428801846394,-0.016037437493262356,0.7361314040098569,0.7174261750782035,48
X,35,1,0.021871878,0.030665911573792705,0.015568194023300097,1.9697796371176162,0.048863631299070634,0.00015225128812451638,0.06117957185946089,0.6231461983797097,0.6023266676625999,40
AI,35,1,0.022666486,0.032582778225764754,0.020854558240346675,1.5623816074285308,0.11819811734676691,-0.00829215592531473,0.07345771237684423,0.26787529537075605,0.22086883849060582,40
HU,35,1,-0.0021918453,-0.005788367637051034,0.013122068779609839,-0.44111700176769997,0.6591282956557711,-0.03150762244508632,0.01993088717098425,0.7361314040098569,0.7174261750782035,48
X,36,0,-0.0,0.0,0.0,,,,,0.6231461983797097,0.6023266676625999,40
AI,36,1,0.0061909594,0.016107258085173652,0.02060528925096493,0.7817050218996251,0.43438794966734506,-0.024279108846717613,0.05649362501706492,0.26787529537075605,0.22086883849060582,40
HU,36,1,0.014619752,0.018216278215739762,0.013216293900341049,1.3783196978745824,0.1681046041476706,-0.0076876578289286936,0.044120214260408214,0.7361314040098569,0.7174261750782035,48
X,37,0,-0.0,0.0,0.0,,,,,0.6231461983797097,0.6023266676625999,40
AI,37,1,-0.014168027,-0.024084325926593337,0.020764860945173796,-1.1598597260142527,0.2461059222893235,-0.06478345337913398,0.0166148015259473,0.26787529537075605,0.22086883849060582,40
HU,37,1,-0.0099507775,-0.013547293902180246,0.013253283216718904,-1.022183988725937,0.30669382738682416,-0.039523729006949296,0.012429141202588808,0.7361314040098569,0.7174261750782035,48
X,38,0,-0.0,0.0,0.0,,,,,0.6231461983797097,0.6023266676625999,40
AI,38,1,0.026395729,0.03631202948425667,0.021299396356935497,1.704838431838129,0.08822456164302536,-0.005434787375336904,0.07805884634385024,0.26787529537075605,0.22086883849060582,40
HU,38,1,0.05269537,0.05629189464617431,0.012735015301363969,4.420245544592729,9.858881317232371e-06,0.03133126465550093,0.08125252463684769,0.7361314040098569,0.7174261750782035,48
X,39,1,-0.027982417,-0.03677644855882269,0.014726713551945197,-2.4972610779113733,0.012515677311147765,-0.06564080712063528,-0.007912089997010107,0.6231461983797097,0.6023266676625999,40
AI,39,1,-0.07577493,-0.08569123091530503,0.020107376790374703,-4.261681262984289,2.0289468794005702e-05,-0.12510168942443944,-0.046280772406170616,0.26787529537075605,0.22086883849060582,40
HU,39,0,0.0,0.0,0.0,,,,,0.7361314040098569,0.7174261750782035,48
X,40,1,-0.032437153,-0.041231181153949366,0.014339361995691089,-2.8753846347096297,0.004035355822082153,-0.0693363306655039,-0.013126031642394832,0.6231461983797097,0.6023266676625999,40
AI,40,1,0.028350709,0.03826700687445822,0.02023262301500771,1.891351746438085,0.058577405357554034,-0.0013889342349568887,0.07792294798387334,0.26787529537075605,0.22086883849060582,40
HU,40,1,0.088836364,0.09243288236668011,0.013028234322171005,7.094812703006192,1.2952678438623443e-12,0.06689754309522494,0.11796822163813528,0.7361314040098569,0.7174261750782035,48
X,41,0,-0.0,0.0,0.0,,,,,0.6231461983797097,0.6023266676625999,40
AI,41,1,0.00085495674,0.010771252646087083,0.02130406933038426,0.5055960191945547,0.6131402767225722,-0.030984723241466068,0.05252722853364023,0.26787529537075605,0.22086883849060582,40
HU,41,1,0.010998037,0.014594553320126338,0.012915637441720175,1.1299909420639913,0.2584800412520599,-0.010720096065645203,0.03990920270589788,0.7361314040098569,0.7174261750782035,48
X,42,1,0.014488282,0.02328230850822942,0.015047498023373235,1.5472544652981564,0.12180189708247327,-0.006210787617582123,0.05277540463404096,0.6231461983797097,0.6023266676625999,40
AI,42,0,-0.0,0.0,0.0,,,,,0.26787529537075605,0.22086883849060582,40
HU,42,1,-0.02971477,-0.0333112926957044,0.013091990090414646,-2.544402529000797,0.010946485771911953,-0.05897159327291711,-0.007650992118491698,0.7361314040098569,0.7174261750782035,48
X,43,1,0.046999507,0.055793532106537265,0.015464291462197844,3.6078944995911035,0.00030869195638357134,0.025483520840629492,0.08610354337244504,0.6231461983797097,0.6023266676625999,40
AI,43,1,0.057494454,0.06741075940200868,0.020303065074011487,3.3202257470127705,0.0008994468428282931,0.027616751856946162,0.10720476694707119,0.26787529537075605,0.22086883849060582,40
HU,43,1,-0.022273397,-0.025869918521141712,0.013363055303779875,-1.935928418542438,0.052876468593222904,-0.05206150691655027,0.00032166987426684307,0.7361314040098569,0.7174261750782035,48
X,44,1,0.020951558,0.02974558138060319,0.014202479572091866,2.094393533862482,0.036224938306336565,0.001908721419303136,0.05758244134190325,0.6231461983797097,0.6023266676625999,40
AI,44,1,0.032471865,0.04238815799564427,0.02002491002321219,2.116771458473939,0.03427924878125146,0.003139334350148383,0.08163698164114017,0.26787529537075605,0.22086883849060582,40
HU,44,1,-0.019173773,-0.02277030244361229,0.012778116177972884,-1.7819764765376052,0.07475306787092817,-0.04781541015243914,0.0022748052652145634,0.7361314040098569,0.7174261750782035,48
X,45,1,0.012946991,0.021741027681195645,0.014566969117311961,1.4924880739506579,0.1355712414047917,-0.006810231788735799,0.05029228715112709,0.6231461983797097,0.6023266676625999,40
AI,45,0,-0.0,0.0,0.0,,,,,0.26787529537075605,0.22086883849060582,40
HU,45,1,-0.033748362,-0.03734488476208125,0.012785360077676075,-2.9209098950046326,0.0034901075125104166,-0.06240419051432636,-0.01228557900983614,0.7361314040098569,0.7174261750782035,48
X,46,1,0.008918255,0.017712287453266726,0.015059810711303715,1.1761294874690618,0.2395431361901773,-0.011804941540888556,0.04722951644742201,0.6231461983797097,0.6023266676625999,40
AI,46,1,0.016876442,0.026792738983761007,0.020004451262683506,1.3393388617332602,0.18046038288788313,-0.012415985491098666,0.06600146345862068,0.26787529537075605,0.22086883849060582,40
HU,46,0,0.0,0.0,0.0,,,,,0.7361314040098569,0.7174261750782035,48
X,47,1,-0.023020243,-0.03181427108122951,0.015471572923314698,-2.056304891488271,0.03975313711315657,-0.062138554010926314,-0.0014899881515327007,0.6231461983797097,0.6023266676625999,40
AI,47,0,0.0,0.0,0.0,,,,,0.26787529537075605,0.22086883849060582,40
HU,47,1,0.049342453,0.052938972567408996,0.0131710383831744,4.019346920667767,5.83596850832058e-05,0.027123737336387174,0.07875420779843081,0.7361314040098569,0.7174261750782035,48
X,48,1,0.010321725,0.019115754602514735,0.016172155042688714,1.1820165310099964,0.2371991416172271,-0.012581669281155148,0.05081317848618462,0.6231461983797097,0.6023266676625999,40
AI,48,0,-0.0,0.0,0.0,,,,,0.26787529537075605,0.22086883849060582,40
HU,48,1,-0.024703987,-0.028300510674737284,0.01366821170373715,-2.0705349966886586,0.0384022722789298,-0.055090205614062096,-0.0015108157354124727,0.7361314040098569,0.7174261750782035,48
X,49,1,-0.020326866,-0.02912090829481096,0.01474954441659041,-1.974359849518845,0.048340840026353186,-0.058030015351328165,-0.0002118012382937573,0.6231461983797097,0.6023266676625999,40
AI,49,1,-0.0045366874,-0.014452992916030537,0.02042615389698066,-0.7075728983989953,0.47921052789514584,-0.05448825455411263,0.025582268722051552,0.26787529537075605,0.22086883849060582,40
HU,49,1,0.008786077,0.012382595739666769,0.013094999124592138,0.9455972941924455,0.34435402486609257,-0.013283602544533823,0.03804879402386736,0.7361314040098569,0.7174261750782035,48
X,50,0,-0.0,0.0,0.0,,,,,0.6231461983797097,0.6023266676625999,40
AI,50,1,-0.0005182586,-0.010434565152025102,0.020751588737874797,-0.5028321100533588,0.6150823158771349,-0.0511076790782597,0.0302385487742095,0.26787529537075605,0.22086883849060582,40
HU,50,1,0.00052133406,0.004117856113060789,0.014101317336590811,0.29201925002961016,0.7702719057465843,-0.0235207258666572,0.031756438092778776,0.7361314040098569,0.7174261750782035,48
