Outcome,PC,Selected,LASSO_Coefficient,PostLASSO_Coefficient,Std_Error,t_statistic,p_value,CI_95_lower,CI_95_upper,Model_R2_insample,Model_R2_CV,N_selected
X,1,1,0.017578743,0.029607890390626068,0.021748122174968156,1.361399855694411,0.1733873617006373,-0.01301842907231152,0.07223420985356366,0.29048950117862926,0.11102324389411067,152
AI,1,1,0.036992967,0.05310516464234177,0.01828757269590754,2.903893563426591,0.0036855343039694497,0.017261522158362998,0.08894880712632056,0.446862246511325,0.3381590145499806,115
HU,1,1,0.014831786,0.029328320528223192,0.01969668963090064,1.4889974446372054,0.13648804163649958,-0.009277191148342065,0.06793383220478845,0.3579456422293573,0.23712236520209434,123
X,2,1,-0.10708524,-0.11911439969614315,0.020464368789389124,-5.82057530931052,5.864541102561425e-09,-0.15922456252334583,-0.07900423686894048,0.29048950117862926,0.11102324389411067,152
AI,2,1,-0.3829998,-0.39911206333614063,0.017300600108002422,-23.0692612305125,9.425996261841242e-118,-0.4330212395478254,-0.36520288712445587,0.446862246511325,0.3381590145499806,115
HU,2,1,-0.2388347,-0.25333125178303867,0.019095218028258025,-13.266737850709369,3.6095484869614325e-40,-0.2907578791184244,-0.21590462444765293,0.3579456422293573,0.23712236520209434,123
X,3,1,-0.02444488,-0.036474028368311755,0.020542452941557498,-1.7755439660530798,0.07580811275570667,-0.07673723613376446,0.003789179397140942,0.29048950117862926,0.11102324389411067,152
AI,3,1,0.039886292,0.055998518243023196,0.017094319981028214,3.275855272697131,0.001053425282167681,0.0224936510802079,0.08950338540583849,0.446862246511325,0.3381590145499806,115
HU,3,0,0.0,0.0,0.0,,,,,0.3579456422293573,0.23712236520209434,123
X,4,1,-0.05413613,-0.06616529211124053,0.020582115686623662,-3.214698290430921,0.0013058169157168494,-0.1065062388570229,-0.025824345365458155,0.29048950117862926,0.11102324389411067,152
AI,4,1,-0.15355639,-0.16966864012584998,0.017942160044209947,-9.45642217591316,3.1866023548104403e-21,-0.20483527381250147,-0.1345020064391985,0.446862246511325,0.3381590145499806,115
HU,4,1,-0.07816287,-0.09265944056727417,0.019327944209502863,-4.794066019795153,1.6343444967434616e-06,-0.13054221121789977,-0.054776669916648556,0.3579456422293573,0.23712236520209434,123
X,5,1,-0.123460144,-0.13548931489469473,0.020807569480680462,-6.511539707724858,7.438435893636795e-11,-0.17627215107682845,-0.09470647871256102,0.29048950117862926,0.11102324389411067,152
AI,5,1,-0.15880026,-0.1749124991041732,0.01745175043750266,-10.022633530691442,1.2122885577910885e-23,-0.2091179299616784,-0.14070706824666798,0.446862246511325,0.3381590145499806,115
HU,5,1,-0.15256326,-0.16705981470774,0.020471322907075106,-8.160675080260805,3.331572644330363e-16,-0.20718360760560722,-0.1269360218098728,0.3579456422293573,0.23712236520209434,123
X,6,1,0.055223655,0.06725280819538423,0.021646875860354832,3.1068135942218977,0.0018911560668826719,0.024824931509088766,0.1096806848816797,0.29048950117862926,0.11102324389411067,152
AI,6,1,0.079300284,0.09541250855201441,0.017225352908853422,5.539074238820073,3.0407473288435554e-08,0.061650816850661705,0.12917420025336712,0.446862246511325,0.3381590145499806,115
HU,6,1,0.07038583,0.08488238317828031,0.019838785050957004,4.278607936940457,1.880657874108941e-05,0.04599836447840459,0.12376640187815605,0.3579456422293573,0.23712236520209434,123
X,7,1,-0.017756963,-0.029786117712300834,0.021198639624253453,-1.4050957155865045,0.15999281797416642,-0.0713354513758376,0.011763215951235934,0.29048950117862926,0.11102324389411067,152
AI,7,0,-0.0,0.0,0.0,,,,,0.446862246511325,0.3381590145499806,115
HU,7,1,-0.014051239,-0.028547787633898127,0.02002405058822184,-1.425674965618093,0.15396218601215095,-0.06779492678681293,0.01069935151901668,0.3579456422293573,0.23712236520209434,123
X,8,1,-0.041907888,-0.05393704445932736,0.01978257097919751,-2.7264931598650755,0.006401127933208291,-0.09271088357855448,-0.015163205340100239,0.29048950117862926,0.11102324389411067,152
AI,8,1,-0.040981695,-0.05709393838552758,0.01935719532405484,-2.9494943575104586,0.0031829438507371957,-0.09503404122067506,-0.019153835550380097,0.446862246511325,0.3381590145499806,115
HU,8,1,-0.034340065,-0.04883661652129858,0.02015940906495061,-2.4225222259221133,0.015413182881720234,-0.08834905828860178,-0.009324174753995385,0.3579456422293573,0.23712236520209434,123
X,9,1,-0.059238162,-0.07126733533969418,0.019474587250892562,-3.6595042771151847,0.00025270362557851944,-0.1094375263514436,-0.03309714432794476,0.29048950117862926,0.11102324389411067,152
AI,9,1,-0.015060552,-0.031172782048087697,0.01692753664082983,-1.8415427306119556,0.06554206469574071,-0.06435075386411417,0.0020051897679387726,0.446862246511325,0.3381590145499806,115
HU,9,1,-0.08154831,-0.09604485055975255,0.018663176975322323,-5.1462219260284225,2.657849681591338e-07,-0.1326246774313843,-0.059465023688120795,0.3579456422293573,0.23712236520209434,123
X,10,1,0.06741565,0.07944477624609655,0.024070177965933585,3.300547937723368,0.0009649622695114173,0.03226722743286673,0.12662232505932638,0.29048950117862926,0.11102324389411067,152
AI,10,1,0.095843695,0.1119559118437598,0.020221876968714775,5.536375877321703,3.087944960684685e-08,0.07232103298507885,0.15159079070244075,0.446862246511325,0.3381590145499806,115
HU,10,1,0.033121254,0.04761778488893889,0.021516364799841516,2.213096186642533,0.02689101496308683,0.005445709881249525,0.08978985989662826,0.3579456422293573,0.23712236520209434,123
X,11,1,0.001333896,0.01336305947154507,0.021089284045013874,0.6336421588813722,0.5263143807457573,-0.027971937256682122,0.05469805619977226,0.29048950117862926,0.11102324389411067,152
AI,11,1,0.034098696,0.05021093131900352,0.018696557602454138,2.685570915600675,0.007240600758342736,0.013565678418193408,0.08685618421981363,0.446862246511325,0.3381590145499806,115
HU,11,1,0.056799833,0.07129636362121507,0.019492134919073152,3.6576990625819654,0.00025448959606688194,0.033091779179831686,0.10950094806259844,0.3579456422293573,0.23712236520209434,123
X,12,0,-0.0,0.0,0.0,,,,,0.29048950117862926,0.11102324389411067,152
AI,12,1,-0.016161999,-0.032274218252968764,0.018979365889648263,-1.700489807753366,0.08903883193342664,-0.06947377539667936,0.004925338890741829,0.446862246511325,0.3381590145499806,115
HU,12,0,0.0,0.0,0.0,,,,,0.3579456422293573,0.23712236520209434,123
X,13,1,0.009565389,0.02159453696079413,0.018979852621194348,1.1377610454509022,0.2552202751284408,-0.015605974176746792,0.05879504809833505,0.29048950117862926,0.11102324389411067,152
AI,13,1,-0.07739766,-0.09350986726274838,0.01829851370576194,-5.1102438573086655,3.2174325122608364e-07,-0.12937495412604177,-0.05764478039945497,0.446862246511325,0.3381590145499806,115
HU,13,0,-0.0,0.0,0.0,,,,,0.3579456422293573,0.23712236520209434,123
X,14,1,-0.1469892,-0.15901837509206537,0.024326883881820485,-6.536734251068631,6.287662531271111e-11,-0.20669906750043351,-0.11133768268369723,0.29048950117862926,0.11102324389411067,152
AI,14,1,-0.18284273,-0.1989549590561222,0.018307955869584825,-10.867131233730353,1.6531741743753618e-27,-0.23483855256050845,-0.16307136555173596,0.446862246511325,0.3381590145499806,115
HU,14,1,-0.14407608,-0.15857262985097825,0.020710683695099444,-7.6565618105837645,1.9097685972494363e-14,-0.19916556989337317,-0.11797968980858334,0.3579456422293573,0.23712236520209434,123
X,15,1,-0.012256566,-0.024285713548819452,0.021508003808169536,-1.1291477240484233,0.25883552188155834,-0.06644140101283175,0.01786997391519284,0.29048950117862926,0.11102324389411067,152
AI,15,1,-0.009847938,-0.025960150175124784,0.018251888320929662,-1.4223268145551802,0.15493139805155798,-0.06173385128414692,0.009813550933897353,0.446862246511325,0.3381590145499806,115
HU,15,1,-0.027693957,-0.042190466586177464,0.01935348199200738,-2.179993584803051,0.029257937087041195,-0.08012329129051193,-0.004257641881842994,0.3579456422293573,0.23712236520209434,123
X,16,1,0.01721868,0.029247827320186902,0.020547098604629284,1.423452910942732,0.1546049034783382,-0.011024485944886496,0.06952014058526029,0.29048950117862926,0.11102324389411067,152
AI,16,0,0.0,0.0,0.0,,,,,0.446862246511325,0.3381590145499806,115
HU,16,0,-0.0,0.0,0.0,,,,,0.3579456422293573,0.23712236520209434,123
X,17,1,-0.07016063,-0.08218977771256576,0.020608289412463177,-3.9881901921884038,6.657927774474225e-05,-0.12258202496099359,-0.041797530464137936,0.29048950117862926,0.11102324389411067,152
AI,17,1,-0.109789856,-0.12590206700017306,0.018445349737417824,-6.825680661655927,8.750939645155016e-12,-0.162054952485512,-0.08974918151483413,0.446862246511325,0.3381590145499806,115
HU,17,1,-0.15535949,-0.16985599938915294,0.021020403076415905,-8.080530081734015,6.448584750156793e-16,-0.2110559894189281,-0.12865600935937777,0.3579456422293573,0.23712236520209434,123
X,18,1,-0.040494956,-0.0525241182316269,0.02139625983374584,-2.454827088460886,0.014095236881080303,-0.09446078750576875,-0.010587448957485056,0.29048950117862926,0.11102324389411067,152
AI,18,1,-0.053604733,-0.06971695960123114,0.018123582693539964,-3.846753745112511,0.00011969316260264755,-0.10523918168056948,-0.034194737521892817,0.446862246511325,0.3381590145499806,115
HU,18,1,-0.0062463805,-0.020742919842353574,0.01991910388950606,-1.0413580830451676,0.29770938898285093,-0.05978436346578545,0.018298523781078303,0.3579456422293573,0.23712236520209434,123
X,19,0,0.0,0.0,0.0,,,,,0.29048950117862926,0.11102324389411067,152
AI,19,1,0.0062793423,0.022391582124230137,0.01774388545315648,1.2619322968097089,0.20697314930621635,-0.012386433363956558,0.05716959761241683,0.446862246511325,0.3381590145499806,115
HU,19,1,-0.01581834,-0.0303148641489116,0.019405072299847826,-1.5622134089729378,0.11823772278597298,-0.06834880585661333,0.00771907755879014,0.3579456422293573,0.23712236520209434,123
X,20,1,-0.009501028,-0.021530168235369778,0.02257383162552102,-0.9537666707422714,0.3402017637342841,-0.06577487822139097,0.022714541750651417,0.29048950117862926,0.11102324389411067,152
AI,20,1,-0.02115938,-0.03727159750940649,0.018663987403272495,-1.9969793540940446,0.045827425828814015,-0.07385301281982058,-0.0006901821989924034,0.446862246511325,0.3381590145499806,115
HU,20,1,-0.012666038,-0.02716258687476351,0.020001976625034494,-1.3579951313795053,0.17446522902792128,-0.06636646105983111,0.012041287310304096,0.3579456422293573,0.23712236520209434,123
X,21,1,-0.0365117,-0.048540847195265316,0.01940555601929572,-2.5013891458198474,0.012370716400696568,-0.08657573699308493,-0.010505957397445705,0.29048950117862926,0.11102324389411067,152
AI,21,0,0.0,0.0,0.0,,,,,0.446862246511325,0.3381590145499806,115
HU,21,0,-0.0,0.0,0.0,,,,,0.3579456422293573,0.23712236520209434,123
X,22,0,0.0,0.0,0.0,,,,,0.29048950117862926,0.11102324389411067,152
AI,22,1,-0.00025179252,-0.016364022958440954,0.017837914857808484,-0.9173730836190005,0.35894717232517326,-0.051326336079745585,0.018598290162863674,0.446862246511325,0.3381590145499806,115
HU,22,1,-0.024658456,-0.03915500117393826,0.018659628109504518,-2.098380575655426,0.03587153978213119,-0.07572787226856711,-0.002582130079309408,0.3579456422293573,0.23712236520209434,123
X,23,1,0.011176501,0.023205652582506328,0.02092263832689025,1.1091169392667795,0.26737973827652384,-0.017802718538198564,0.06421402370321122,0.29048950117862926,0.11102324389411067,152
AI,23,0,-0.0,0.0,0.0,,,,,0.446862246511325,0.3381590145499806,115
HU,23,1,-3.4095134e-05,-0.014530629530774726,0.020389894667901566,-0.712638773639636,0.47606931218898874,-0.054494823079861796,0.025433564018312343,0.3579456422293573,0.23712236520209434,123
X,24,1,0.003956469,0.015985621067170143,0.019006607763228378,0.8410559772847597,0.4003165757516409,-0.02126733014875748,0.053238572283097765,0.29048950117862926,0.11102324389411067,152
AI,24,1,0.0136923045,0.0298045301097391,0.018774180945178465,1.58752758358779,0.11239320478597856,-0.00699286454281069,0.06660192476228889,0.446862246511325,0.3381590145499806,115
HU,24,1,0.045892227,0.06038875049636175,0.019171494937681152,3.1499239205216587,0.0016331298480521358,0.022812620418506693,0.0979648805742168,0.3579456422293573,0.23712236520209434,123
X,25,1,0.02579906,0.037828218972515794,0.020943205626458024,1.8062286952254603,0.07088262443896955,-0.0032204640553419317,0.07887690200037352,0.29048950117862926,0.11102324389411067,152
AI,25,1,0.017978594,0.03409080006030351,0.017877665652606723,1.9068932556825597,0.056534411715457276,-0.0009494246188056638,0.06913102473941268,0.446862246511325,0.3381590145499806,115
HU,25,1,0.0054069,0.019903452566293573,0.01917513416712149,1.0379824408436678,0.29927823000944587,-0.01767981040126455,0.05748671553385169,0.3579456422293573,0.23712236520209434,123
X,26,0,0.0,0.0,0.0,,,,,0.29048950117862926,0.11102324389411067,152
AI,26,1,-0.026700484,-0.042812714746671914,0.019539450341226863,-2.1910910490834077,0.028445204336975446,-0.08111003741547657,-0.004515392077867261,0.446862246511325,0.3381590145499806,115
HU,26,1,-0.0020754908,-0.016572026574512885,0.019878237692857122,-0.8336768495563235,0.40446310704526744,-0.055533372452512844,0.022389319303487074,0.3579456422293573,0.23712236520209434,123
X,27,1,0.015897717,0.02792688160152387,0.019225614903953685,1.4525871729481483,0.14633840959848643,-0.00975532361022535,0.06560908681327308,0.29048950117862926,0.11102324389411067,152
AI,27,0,-0.0,0.0,0.0,,,,,0.446862246511325,0.3381590145499806,115
HU,27,1,-0.017326308,-0.03182283914362495,0.019503424172264888,-1.631653952790457,0.10275240555345802,-0.07004955052126413,0.0064038722340142296,0.3579456422293573,0.23712236520209434,123
X,28,1,0.005702225,0.017731360648129385,0.019001187712733316,0.933171174149657,0.35073159541744925,-0.019510967268827915,0.054973688565086685,0.29048950117862926,0.11102324389411067,152
AI,28,1,0.01633679,0.032449028726716574,0.01703444939421581,1.9049062271267139,0.05679226165397809,-0.0009384920859464088,0.06583654953937956,0.446862246511325,0.3381590145499806,115
HU,28,0,0.0,0.0,0.0,,,,,0.3579456422293573,0.23712236520209434,123
X,29,1,0.0065367687,0.018565915601300026,0.019135907047632197,0.9702135130091626,0.33194007645589985,-0.018940462212059084,0.056072293414659136,0.29048950117862926,0.11102324389411067,152
AI,29,1,0.07638396,0.092496168868655,0.01796662360846155,5.148222108081179,2.6296700479863403e-07,0.05728158659607036,0.12771075114123964,0.446862246511325,0.3381590145499806,115
HU,29,1,0.0493858,0.06388235684423237,0.018789801306287945,3.3998420634099173,0.0006742478608621317,0.027054346283907994,0.10071036740455674,0.3579456422293573,0.23712236520209434,123
X,30,1,-0.026879903,-0.03890904312675398,0.019021344485209327,-2.0455464206018132,0.0408010175795336,-0.07619087831776425,-0.0016272079357437033,0.29048950117862926,0.11102324389411067,152
AI,30,1,-0.010661996,-0.026774236573661788,0.017594866192136537,-1.5217073140134296,0.12808243415365128,-0.061260174310249396,0.0077117011629258235,0.446862246511325,0.3381590145499806,115
HU,30,0,-0.0,0.0,0.0,,,,,0.3579456422293573,0.23712236520209434,123
X,31,1,-0.02102348,-0.033052627623694986,0.019260863700993336,-1.716051166593862,0.08615267794342346,-0.07080392047764192,0.004698665230251954,0.29048950117862926,0.11102324389411067,152
AI,31,1,-0.0054573608,-0.021569575988549243,0.018531914701607654,-1.163915134288745,0.2444584057049568,-0.057892128803700246,0.01475297682660176,0.446862246511325,0.3381590145499806,115
HU,31,1,0.013907204,0.02840371766132738,0.01919289377468893,1.4799080323565088,0.13889779179796155,-0.009214354137062921,0.06602178945971768,0.3579456422293573,0.23712236520209434,123
X,32,1,0.02769241,0.039721562477494615,0.021657099506452702,1.8341127566809965,0.0666372581943645,-0.002726352555152682,0.08216947751014192,0.29048950117862926,0.11102324389411067,152
AI,32,0,-0.0,0.0,0.0,,,,,0.446862246511325,0.3381590145499806,115
HU,32,1,-0.01806243,-0.03255894276481133,0.01973105005054054,-1.65013735616769,0.09891484581440511,-0.07123180086387079,0.006113915334248127,0.3579456422293573,0.23712236520209434,123
X,33,1,0.015029749,0.027058912196763,0.02044817626796206,1.3232922018164797,0.18573822400466633,-0.013019513288442641,0.06713733768196864,0.29048950117862926,0.11102324389411067,152
AI,33,0,-0.0,0.0,0.0,,,,,0.446862246511325,0.3381590145499806,115
HU,33,0,-0.0,0.0,0.0,,,,,0.3579456422293573,0.23712236520209434,123
X,34,1,0.008050564,0.02007972747199175,0.020719248658314142,0.9691339586261606,0.3324783563607615,-0.020529999898303966,0.060689454842287466,0.29048950117862926,0.11102324389411067,152
AI,34,1,0.031133637,0.047245854320602465,0.01890286757679048,2.499401433601131,0.012440330061716286,0.010196233870093122,0.08429547477111181,0.446862246511325,0.3381590145499806,115
HU,34,0,0.0,0.0,0.0,,,,,0.3579456422293573,0.23712236520209434,123
X,35,0,-0.0,0.0,0.0,,,,,0.29048950117862926,0.11102324389411067,152
AI,35,1,0.011017687,0.02712992941148103,0.0182737613509009,1.4846384874202987,0.13763961440413608,-0.008686642836284734,0.0629465016592468,0.446862246511325,0.3381590145499806,115
HU,35,1,-0.016222475,-0.030718993710665936,0.018743210027536716,-1.6389398435772162,0.1012257886899023,-0.06745568536463789,0.006017697943306026,0.3579456422293573,0.23712236520209434,123
X,36,1,-0.05160933,-0.06363846295605194,0.02001267080523967,-3.1799085477081985,0.0014732153786860644,-0.1028632977343217,-0.024413628177782185,0.29048950117862926,0.11102324389411067,152
AI,36,1,-0.008643768,-0.02475597089623464,0.01863144467146669,-1.328719878289815,0.18394040420940394,-0.06127360245230935,0.011761660659840068,0.446862246511325,0.3381590145499806,115
HU,36,1,-0.008505608,-0.02300211285444741,0.0205016938851131,-1.1219615795331888,0.2618787760214244,-0.06318543286926909,0.017181207160374263,0.3579456422293573,0.23712236520209434,123
X,37,1,-0.058431104,-0.07046026338965798,0.020345125252690836,-3.4632504108245263,0.0005336914655931127,-0.11033670888493202,-0.03058381789438394,0.29048950117862926,0.11102324389411067,152
AI,37,1,-0.012967895,-0.029080141576575687,0.018720671474455934,-1.5533706478560392,0.12033461104677513,-0.06577265766650932,0.007612374513357945,0.446862246511325,0.3381590145499806,115
HU,37,1,-0.04847173,-0.06296828567790667,0.020286062737457762,-3.1040171024235836,0.0019091229493883486,-0.10272896864332388,-0.023207602712489464,0.3579456422293573,0.23712236520209434,123
X,38,1,0.029445825,0.04147498625891142,0.02234164259577904,1.856398251879081,0.06339681372676924,-0.0023146332288154978,0.08526460574663833,0.29048950117862926,0.11102324389411067,152
AI,38,1,0.053532675,0.06964491921905706,0.018515625060196213,3.761413346437629,0.000168955955144665,0.03335429410107248,0.10593554433704164,0.446862246511325,0.3381590145499806,115
HU,38,1,0.019921163,0.03441770015731652,0.019328356773224406,1.7806842330743502,0.07496405032790404,-0.0034658791182033133,0.07230127943283636,0.3579456422293573,0.23712236520209434,123
X,39,1,0.013457497,0.025486654245287888,0.020202522673264233,1.261558007258995,0.20710787461208258,-0.014110290194310007,0.06508359868488578,0.29048950117862926,0.11102324389411067,152
AI,39,0,0.0,0.0,0.0,,,,,0.446862246511325,0.3381590145499806,115
HU,39,1,0.055918157,0.0704146967790346,0.019396194415317765,3.6303356870575585,0.00028305285115909264,0.03239815572501178,0.10843123783305741,0.3579456422293573,0.23712236520209434,123
X,40,1,0.050686408,0.06271556478990346,0.02109905915782139,2.97243418869011,0.002954485421509025,0.02136140884057354,0.10406972073923339,0.29048950117862926,0.11102324389411067,152
AI,40,1,0.017785946,0.03389817782275494,0.018418524064268128,1.8404394241619657,0.06570374994004133,-0.002202129343210589,0.06999848498872047,0.446862246511325,0.3381590145499806,115
HU,40,0,-0.0,0.0,0.0,,,,,0.3579456422293573,0.23712236520209434,123
X,41,1,-0.02748539,-0.03951454387011981,0.01937216853624939,-2.0397584192074216,0.04137439315126064,-0.07748399420116861,-0.0015450935390710005,0.29048950117862926,0.11102324389411067,152
AI,41,1,-0.05326015,-0.06937237000534904,0.018735636129035244,-3.7026962696953936,0.00021332021342745997,-0.10609421681825812,-0.03265052319243997,0.446862246511325,0.3381590145499806,115
HU,41,1,-0.049023964,-0.06352049362012213,0.01947636563544657,-3.2614141061572695,0.0011085801287387918,-0.1016941702655974,-0.025346816974646857,0.3579456422293573,0.23712236520209434,123
X,42,1,0.00080660713,0.012835746417982595,0.02265642430748858,0.566538931465016,0.5710274754523228,-0.03157084522469503,0.05724233806066022,0.29048950117862926,0.11102324389411067,152
AI,42,0,-0.0,0.0,0.0,,,,,0.446862246511325,0.3381590145499806,115
HU,42,1,0.005667581,0.020164084277451224,0.020684866160124857,0.9748230479886997,0.32964804235673484,-0.020378253396393497,0.06070642195129594,0.3579456422293573,0.23712236520209434,123
X,43,1,-0.025902621,-0.03793175910133685,0.020852623730537288,-1.819040116558009,0.06890530996398572,-0.07880290161318992,0.002939383410516229,0.29048950117862926,0.11102324389411067,152
AI,43,1,-0.03946474,-0.05557695628408154,0.019351416286747854,-2.871983913763536,0.004079037302442563,-0.09350573220610733,-0.017648180362055746,0.446862246511325,0.3381590145499806,115
HU,43,1,-0.0024018998,-0.016898425754226013,0.020222861350197907,-0.8356100287490049,0.4033743250208991,-0.056535234000613915,0.022738382492161886,0.3579456422293573,0.23712236520209434,123
X,44,1,0.025443124,0.037472282917678734,0.022198001118266534,1.6880926673547707,0.09139344181959043,-0.00603579927412367,0.08098036510948114,0.29048950117862926,0.11102324389411067,152
AI,44,1,0.01689865,0.03301088214587237,0.01781986325773908,1.8524767372463369,0.06395739500575597,-0.0019160498392962258,0.06793781413104097,0.446862246511325,0.3381590145499806,115
HU,44,1,0.018221516,0.032718061002171395,0.019730982899612545,1.6582073568577202,0.09727562038016908,-0.005954665481069196,0.07139078748541199,0.3579456422293573,0.23712236520209434,123
X,45,1,0.05668476,0.06871390088514975,0.02056069174524712,3.3420033594460117,0.0008317605403159523,0.028414945064465402,0.1090128567058341,0.29048950117862926,0.11102324389411067,152
AI,45,1,0.0306083,0.0467205129464883,0.018740681424171513,2.4929996881665537,0.012666895749695768,0.009988777355112138,0.08345224853786447,0.446862246511325,0.3381590145499806,115
HU,45,1,0.06431967,0.07881622592634097,0.020209487247644188,3.899961684358347,9.620791239637772e-05,0.039205630920958356,0.11842682093172358,0.3579456422293573,0.23712236520209434,123
X,46,1,-0.051317044,-0.06334618933631934,0.020021986983742624,-3.1638313114355205,0.0015570701556392457,-0.1025892838244549,-0.0241030948481838,0.29048950117862926,0.11102324389411067,152
AI,46,0,-0.0,0.0,0.0,,,,,0.446862246511325,0.3381590145499806,115
HU,46,0,-0.0,0.0,0.0,,,,,0.3579456422293573,0.23712236520209434,123
X,47,1,-0.045878313,-0.057907478270024,0.02131056194683284,-2.71731352812262,0.006581422971261067,-0.09967617968581637,-0.016138776854231637,0.29048950117862926,0.11102324389411067,152
AI,47,1,-0.044892456,-0.061004683283937815,0.01781485432235376,-3.4243717169996857,0.0006162226989649257,-0.09592179775575119,-0.02608756881212445,0.446862246511325,0.3381590145499806,115
HU,47,1,-0.05630343,-0.07079998467360417,0.020853705327586056,-3.3950793665405503,0.0006860870875374033,-0.11167324711567284,-0.029926722231535502,0.3579456422293573,0.23712236520209434,123
X,48,1,0.0386262,0.05065532527079555,0.022639001110580276,2.2375247487011216,0.025252063651743883,0.006282883094058209,0.09502776744753288,0.29048950117862926,0.11102324389411067,152
AI,48,0,-0.0,0.0,0.0,,,,,0.446862246511325,0.3381590145499806,115
HU,48,1,-0.014539436,-0.029035998888016203,0.019762913927845186,-1.4692164826516598,0.1417740810152302,-0.06777131018659277,0.009699312410560358,0.3579456422293573,0.23712236520209434,123
X,49,0,-0.0,0.0,0.0,,,,,0.29048950117862926,0.11102324389411067,152
AI,49,0,-0.0,0.0,0.0,,,,,0.446862246511325,0.3381590145499806,115
HU,49,1,-0.0022261816,-0.01672271158001909,0.019314475449861996,-0.8658123604458838,0.3865930697227814,-0.0545790834617486,0.02113366030171042,0.3579456422293573,0.23712236520209434,123
X,50,1,0.015508197,0.027537390818810476,0.02034174149782855,1.353738116362852,0.17581994300347736,-0.012332422516933481,0.06740720415455444,0.29048950117862926,0.11102324389411067,152
AI,50,1,0.024365297,0.04047753139202521,0.01811911703100855,2.2339682073223046,0.025485165022505224,0.004964062011248452,0.07599100077280196,0.446862246511325,0.3381590145499806,115
HU,50,1,0.04235319,0.05684971966356673,0.020656062909385844,2.7522050021320843,0.005919545194003118,0.016363836361170475,0.09733560296596298,0.3579456422293573,0.23712236520209434,123
X,51,1,0.033593833,0.0456229885019506,0.02112762041419589,2.159400235688445,0.03081912963472528,0.004212852490126658,0.08703312451377454,0.29048950117862926,0.11102324389411067,152
AI,51,0,0.0,0.0,0.0,,,,,0.446862246511325,0.3381590145499806,115
HU,51,0,0.0,0.0,0.0,,,,,0.3579456422293573,0.23712236520209434,123
X,52,1,0.0024552443,0.01448439217195237,0.02128809122958242,0.680398820906241,0.49625196741254973,-0.027240266638029177,0.05620905098193391,0.29048950117862926,0.11102324389411067,152
AI,52,1,-0.032819737,-0.04893194877916441,0.018321277268132957,-2.6707716969206077,0.007567709895835761,-0.08484165222470501,-0.013022245333623811,0.446862246511325,0.3381590145499806,115
HU,52,1,-0.022002336,-0.03649887529508221,0.020661140338835905,-1.7665469909459333,0.07730412525053298,-0.07699471035920058,0.0039969597690361625,0.3579456422293573,0.23712236520209434,123
X,53,1,-0.031465743,-0.043494896003434994,0.022568553285728238,-1.927234566290965,0.05395040400389232,-0.08772926044346234,0.0007394684365923526,0.29048950117862926,0.11102324389411067,152
AI,53,1,-0.0037204572,-0.019832683410731692,0.01874257176400146,-1.0581623301463885,0.28998144182010444,-0.05656812406817455,0.016902757246711166,0.446862246511325,0.3381590145499806,115
HU,53,1,-0.016435323,-0.03093186552878154,0.020242311096483015,-1.5280797425426276,0.1264927403916672,-0.07060679527788825,0.008743064220325173,0.3579456422293573,0.23712236520209434,123
X,54,1,-0.0742586,-0.08628773822290571,0.02357962510531989,-3.6594194283198336,0.0002527873059298238,-0.1325038034293327,-0.04007167301647872,0.29048950117862926,0.11102324389411067,152
AI,54,1,-0.015165321,-0.03127753913168108,0.018689778522064545,-1.6735104214721344,0.09422685669796124,-0.0679095050349276,0.005354426771565425,0.446862246511325,0.3381590145499806,115
HU,54,1,-0.022060608,-0.0365571617590061,0.02040400866817718,-1.7916656649936613,0.07318653764438228,-0.07654901874863337,0.0034346952306211764,0.3579456422293573,0.23712236520209434,123
X,55,0,0.0,0.0,0.0,,,,,0.29048950117862926,0.11102324389411067,152
AI,55,1,0.012589393,0.028701621826231743,0.01876515565860716,1.5295168528520544,0.1261363644135946,-0.008078083264638294,0.06548132691710178,0.446862246511325,0.3381590145499806,115
HU,55,1,0.011552003,0.026048546074635567,0.02017613307185107,1.29105740836818,0.19668377151438898,-0.013496674746192525,0.06559376689546366,0.3579456422293573,0.23712236520209434,123
X,56,1,0.021123517,0.03315268236104423,0.023414290551991374,1.4159165868138854,0.15679992797027373,-0.01273932712085886,0.07904469184294732,0.29048950117862926,0.11102324389411067,152
AI,56,1,0.0027269025,0.018839141678538708,0.018720104167907474,1.0063588059961388,0.3142430019535165,-0.01785226249055994,0.05553054584763736,0.446862246511325,0.3381590145499806,115
HU,56,0,-0.0,0.0,0.0,,,,,0.3579456422293573,0.23712236520209434,123
X,57,1,0.059661597,0.0716907632163752,0.02095127124600216,3.421785836983756,0.0006221129501181173,0.030626271574210967,0.11275525485853943,0.29048950117862926,0.11102324389411067,152
AI,57,1,0.03718242,0.053294635334243966,0.019696132273207663,2.7058426799224846,0.0068131313806604156,0.014690216078756944,0.091899054589731,0.446862246511325,0.3381590145499806,115
HU,57,1,0.11202787,0.12652444394930362,0.019453656264549788,6.503890180267445,7.826904541184401e-11,0.08839527767078603,0.1646536102278212,0.3579456422293573,0.23712236520209434,123
X,58,1,-0.0012998754,-0.013329015912815977,0.020199503801871282,-0.6598684820951481,0.5093382316759435,-0.052920043364483686,0.026262011538851736,0.29048950117862926,0.11102324389411067,152
AI,58,0,0.0,0.0,0.0,,,,,0.446862246511325,0.3381590145499806,115
HU,58,0,-0.0,0.0,0.0,,,,,0.3579456422293573,0.23712236520209434,123
X,59,1,0.019860527,0.03188965473332264,0.021374106435223788,1.4919760425993573,0.13570542597731122,-0.010003593879715979,0.07378290334636126,0.29048950117862926,0.11102324389411067,152
AI,59,0,0.0,0.0,0.0,,,,,0.446862246511325,0.3381590145499806,115
HU,59,0,0.0,0.0,0.0,,,,,0.3579456422293573,0.23712236520209434,123
X,60,0,0.0,0.0,0.0,,,,,0.29048950117862926,0.11102324389411067,152
AI,60,1,0.005673519,0.021785734962326987,0.018182142847877166,1.1981940272166849,0.23084149008541555,-0.013851265019512258,0.057422734944166234,0.446862246511325,0.3381590145499806,115
HU,60,1,0.035795372,0.05029189578390155,0.019649691166673956,2.5594242350840117,0.010484570710287798,0.011778501097220596,0.0888052904705825,0.3579456422293573,0.23712236520209434,123
X,61,1,0.03160054,0.043629649855595656,0.023487130898035526,1.8575981053200865,0.06322610779610675,-0.002405126704553971,0.08966442641574529,0.29048950117862926,0.11102324389411067,152
AI,61,0,-0.0,0.0,0.0,,,,,0.446862246511325,0.3381590145499806,115
HU,61,1,0.02254545,0.0370419669217928,0.020206233598132464,1.8331950257774094,0.066773573366686,-0.002562250930546829,0.07664618477413243,0.3579456422293573,0.23712236520209434,123
X,62,0,0.0,0.0,0.0,,,,,0.29048950117862926,0.11102324389411067,152
AI,62,1,0.019342043,0.03545425705601756,0.017972594944934535,1.9726843655378838,0.04853153431788698,0.00022797096394587546,0.07068054314808925,0.446862246511325,0.3381590145499806,115
HU,62,1,0.032730803,0.04722734127309116,0.019886012838397634,2.374902483312317,0.017553587042458657,0.008250756109831794,0.08620392643635053,0.3579456422293573,0.23712236520209434,123
X,63,0,-0.0,0.0,0.0,,,,,0.29048950117862926,0.11102324389411067,152
AI,63,0,-0.0,0.0,0.0,,,,,0.446862246511325,0.3381590145499806,115
HU,63,1,-0.0001700249,-0.014666574450682361,0.020353248595204276,-0.7206011552444834,0.4711549428723468,-0.05455894169728274,0.025225792795918016,0.3579456422293573,0.23712236520209434,123
X,64,0,-0.0,0.0,0.0,,,,,0.29048950117862926,0.11102324389411067,152
AI,64,1,-0.014559289,-0.03067148694716858,0.018612646005458224,-1.647884289970059,0.09937641778251759,-0.0671522731178667,0.0058092992235295356,0.446862246511325,0.3381590145499806,115
HU,64,0,-0.0,0.0,0.0,,,,,0.3579456422293573,0.23712236520209434,123
X,65,1,0.027835524,0.039864673686399246,0.022145757701855045,1.800104300927124,0.07184417062234279,-0.0035410114092366413,0.08327035878203513,0.29048950117862926,0.11102324389411067,152
AI,65,0,-0.0,0.0,0.0,,,,,0.446862246511325,0.3381590145499806,115
HU,65,0,-0.0,0.0,0.0,,,,,0.3579456422293573,0.23712236520209434,123
X,66,1,-0.047032088,-0.05906122718986878,0.022130738230367483,-2.6687418456211196,0.007613594374679656,-0.10243747412138904,-0.015684980258348517,0.29048950117862926,0.11102324389411067,152
AI,66,1,-0.012437936,-0.02855015097547137,0.01839261973917605,-1.5522612537168867,0.1205997248966584,-0.06459968566425643,0.007499383713313688,0.446862246511325,0.3381590145499806,115
HU,66,1,-0.007832434,-0.02232897071124613,0.020006864006777342,-1.1160655015039926,0.2643940978267676,-0.06154242416452972,0.016884482742037455,0.3579456422293573,0.23712236520209434,123
X,67,1,-0.03724206,-0.04927120751479739,0.02063650117912392,-2.3875756402272597,0.016959912314772115,-0.08971874982588027,-0.008823665203714512,0.29048950117862926,0.11102324389411067,152
AI,67,1,-0.008503108,-0.024615338844355145,0.01822625589120576,-1.3505428098500551,0.1768419313633003,-0.06033880039111843,0.01110812270240814,0.446862246511325,0.3381590145499806,115
HU,67,1,-0.012686048,-0.027182574130755966,0.020259653431966642,-1.3417097297363445,0.17969013102701759,-0.06689149485741058,0.012526346595898654,0.3579456422293573,0.23712236520209434,123
X,68,0,-0.0,0.0,0.0,,,,,0.29048950117862926,0.11102324389411067,152
AI,68,0,0.0,0.0,0.0,,,,,0.446862246511325,0.3381590145499806,115
HU,68,1,0.009525311,0.024021868226364727,0.020080568582004858,1.1962743050957159,0.23158953245147063,-0.015336046194364794,0.06337978264709425,0.3579456422293573,0.23712236520209434,123
X,69,1,-0.012465494,-0.024494629912916184,0.02035082931407945,-1.2036182670929239,0.22873715577102738,-0.06438225536851191,0.01539299554267954,0.29048950117862926,0.11102324389411067,152
AI,69,0,0.0,0.0,0.0,,,,,0.446862246511325,0.3381590145499806,115
HU,69,1,-0.024303596,-0.03880014879502797,0.019107943358128886,-2.030576921221699,0.04229793084025569,-0.07625171777696058,-0.0013485798130953505,0.3579456422293573,0.23712236520209434,123
X,70,1,0.013233364,0.025262528206070032,0.02006477467911603,1.259048686570299,0.2080127469694225,-0.01406443016499739,0.06458948657713745,0.29048950117862926,0.11102324389411067,152
AI,70,0,0.0,0.0,0.0,,,,,0.446862246511325,0.3381590145499806,115
HU,70,0,-0.0,0.0,0.0,,,,,0.3579456422293573,0.23712236520209434,123
X,71,1,-0.033087272,-0.04511639605582454,0.022101284088726844,-2.041347275330349,0.04121632114964295,-0.08843491286972915,-0.0017978792419199308,0.29048950117862926,0.11102324389411067,152
AI,71,1,-0.024262091,-0.040374289377619846,0.01926927821535265,-2.0952673435091067,0.03614723373972153,-0.07814207467971104,-0.0026065040755286553,0.446862246511325,0.3381590145499806,115
HU,71,1,-0.06419073,-0.07868724884489194,0.01936265493494215,-4.063866711939988,4.826639480494888e-05,-0.11663805251737855,-0.04073644517240532,0.3579456422293573,0.23712236520209434,123
X,72,1,-0.020177858,-0.03220699312560864,0.023325423830893068,-1.3807677562091063,0.16735038053069462,-0.07792482383415905,0.013510837582941776,0.29048950117862926,0.11102324389411067,152
AI,72,0,-0.0,0.0,0.0,,,,,0.446862246511325,0.3381590145499806,115
HU,72,1,0.0064398325,0.020936376677758415,0.021040668626472466,0.9950433158486781,0.31971519765960343,-0.020303333830127616,0.06217608718564445,0.3579456422293573,0.23712236520209434,123
X,73,1,-0.0008874783,-0.012916634258645168,0.021617793400287598,-0.5975001249883962,0.5501735235712056,-0.05528750932320886,0.029454240805918522,0.29048950117862926,0.11102324389411067,152
AI,73,1,0.013593057,0.029705276666564497,0.018733750901626472,1.5856555808044546,0.11281746059158279,-0.00701287510062339,0.06642342843375239,0.446862246511325,0.3381590145499806,115
HU,73,1,0.0022501398,0.016746680012084677,0.01989030529796977,0.8419518836542963,0.3998148868978686,-0.022238318371936076,0.05573167839610543,0.3579456422293573,0.23712236520209434,123
X,74,1,-0.03693017,-0.048959294953703554,0.01998616687490695,-2.449659069702504,0.014299153431245503,-0.08813218202852117,-0.009786407878885933,0.29048950117862926,0.11102324389411067,152
AI,74,1,-0.020917816,-0.03703002295218246,0.019330092363387813,-1.9156671502676947,0.05540747628741431,-0.07491700398442258,0.0008569580800576529,0.446862246511325,0.3381590145499806,115
HU,74,1,-0.037928272,-0.05242478222882788,0.019423436604432066,-2.6990477172749916,0.006953820492755004,-0.09049471797351473,-0.014354846484141037,0.3579456422293573,0.23712236520209434,123
X,75,1,-0.022911016,-0.03494017199693722,0.022257197595448378,-1.5698369863096566,0.11645304045945094,-0.07856427928401605,0.008683935290141602,0.29048950117862926,0.11102324389411067,152
AI,75,0,0.0,0.0,0.0,,,,,0.446862246511325,0.3381590145499806,115
HU,75,1,-0.0076907137,-0.022187259249089583,0.020612757556625515,-1.0763848159635476,0.2817551902843355,-0.06258826406007559,0.01821374556189643,0.3579456422293573,0.23712236520209434,123
X,76,1,0.008246767,0.02027592279783547,0.022062740878592765,0.9190119627207776,0.3580893150946869,-0.02296704932420635,0.06351889491987729,0.29048950117862926,0.11102324389411067,152
AI,76,1,0.008000088,0.024112304534340715,0.019053429169047682,1.265509967807327,0.2056885774911067,-0.013232416636992744,0.06145702570567417,0.446862246511325,0.3381590145499806,115
HU,76,1,0.0012811536,0.01577770982106666,0.019348582453210805,0.815445258546495,0.41481748692803344,-0.02214551178722652,0.05370093142935984,0.3579456422293573,0.23712236520209434,123
X,77,0,0.0,0.0,0.0,,,,,0.29048950117862926,0.11102324389411067,152
AI,77,1,-0.025694922,-0.041807135245709816,0.018273460948315442,-2.287860814322853,0.022145627931252677,-0.07762311870440808,-0.005991151787011553,0.446862246511325,0.3381590145499806,115
HU,77,1,0.00013173482,0.0146282601759454,0.020174746957668004,0.7250777522334921,0.4684043321501604,-0.024914243861083887,0.05417076421297469,0.3579456422293573,0.23712236520209434,123
X,78,1,-0.028151436,-0.04018057575365528,0.02094235974458973,-1.9186269476645568,0.055031562691745396,-0.08122760085305115,0.0008664493457405942,0.29048950117862926,0.11102324389411067,152
AI,78,1,-0.0223083,-0.038420540085704454,0.018176470959363148,-2.1137513531422383,0.03453650988784645,-0.07404642316605622,-0.0027946570053526826,0.446862246511325,0.3381590145499806,115
HU,78,0,-0.0,0.0,0.0,,,,,0.3579456422293573,0.23712236520209434,123
X,79,0,0.0,0.0,0.0,,,,,0.29048950117862926,0.11102324389411067,152
AI,79,1,-0.00854436,-0.024656562417317368,0.018295516906531088,-1.3476832900258495,0.17776026881001905,-0.0605157755541183,0.011202650719483565,0.446862246511325,0.3381590145499806,115
HU,79,0,-0.0,0.0,0.0,,,,,0.3579456422293573,0.23712236520209434,123
X,80,1,-0.0138286445,-0.02585780099232237,0.021035621396633494,-1.2292387519610242,0.21898230351358405,-0.06708761892972402,0.015372016945079281,0.29048950117862926,0.11102324389411067,152
AI,80,0,-0.0,0.0,0.0,,,,,0.446862246511325,0.3381590145499806,115
HU,80,0,0.0,0.0,0.0,,,,,0.3579456422293573,0.23712236520209434,123
X,81,1,0.029848564,0.0418777095814775,0.02243276982069498,1.8668095788529828,0.06192818436378101,-0.002090519267084659,0.08584593843003965,0.29048950117862926,0.11102324389411067,152
AI,81,1,0.015975116,0.032087338168622116,0.01836709851347531,1.7470009291386301,0.08063717693969442,-0.003912174917789488,0.06808685125503372,0.446862246511325,0.3381590145499806,115
HU,81,1,0.04896959,0.06346614821982911,0.019861442430625587,3.1954450660626104,0.0013961535840673594,0.024537721055802965,0.10239457538385527,0.3579456422293573,0.23712236520209434,123
X,82,0,0.0,0.0,0.0,,,,,0.29048950117862926,0.11102324389411067,152
AI,82,1,0.007370084,0.023482294018654943,0.018472613724548646,1.2711949899893606,0.20365928848021753,-0.0127240288814604,0.05968861691877028,0.446862246511325,0.3381590145499806,115
HU,82,1,0.00028814355,0.014784685809708714,0.01880487780684267,0.7862154682190438,0.4317412655010071,-0.022072874691702916,0.05164224631112035,0.3579456422293573,0.23712236520209434,123
X,83,1,-0.013842217,-0.025871371766958518,0.021669593824370757,-1.1939020166525791,0.2325162985823257,-0.0683437756627252,0.016601032128808164,0.29048950117862926,0.11102324389411067,152
AI,83,0,-0.0,0.0,0.0,,,,,0.446862246511325,0.3381590145499806,115
HU,83,0,-0.0,0.0,0.0,,,,,0.3579456422293573,0.23712236520209434,123
X,84,1,-0.049172573,-0.0612017280192904,0.02354693390969795,-2.5991378858070386,0.00934582245335885,-0.10735371848229838,-0.015049737556282416,0.29048950117862926,0.11102324389411067,152
AI,84,1,-0.05088584,-0.06699807671931216,0.019941179404042424,-3.359785063953162,0.0007800313227164273,-0.1060827883512353,-0.027913365087389,0.446862246511325,0.3381590145499806,115
HU,84,1,-0.05836138,-0.07285792847388886,0.019997231891925683,-3.643400690037846,0.00026905949158455105,-0.1120525029820632,-0.03366335396571452,0.3579456422293573,0.23712236520209434,123
X,85,1,0.0052258032,0.017254953440305577,0.021150025394228365,0.815836062542709,0.4145939045456284,-0.024199096332382018,0.058709003212993174,0.29048950117862926,0.11102324389411067,152
AI,85,0,-0.0,0.0,0.0,,,,,0.446862246511325,0.3381590145499806,115
HU,85,0,-0.0,0.0,0.0,,,,,0.3579456422293573,0.23712236520209434,123
X,86,0,0.0,0.0,0.0,,,,,0.29048950117862926,0.11102324389411067,152
AI,86,1,-0.0005755419,-0.016687745377045177,0.017928543395746784,-0.93079203417072,0.3519611510504276,-0.05182769043270887,0.018452199678618518,0.446862246511325,0.3381590145499806,115
HU,86,0,0.0,0.0,0.0,,,,,0.3579456422293573,0.23712236520209434,123
X,87,1,0.010427149,0.022456313747882713,0.022744181468695526,0.9873432367214874,0.3234744013617121,-0.022122281930760518,0.06703490942652594,0.29048950117862926,0.11102324389411067,152
AI,87,0,0.0,0.0,0.0,,,,,0.446862246511325,0.3381590145499806,115
HU,87,1,0.017804584,0.03230114477252573,0.020103321835825864,1.6067565866135758,0.10810777505860633,-0.007101366025692966,0.07170365557074443,0.3579456422293573,0.23712236520209434,123
X,88,1,0.049511395,0.0615405449331662,0.02067797245379174,2.9761401931784395,0.002919013884217479,0.021011718923734393,0.102069370942598,0.29048950117862926,0.11102324389411067,152
AI,88,1,0.010551867,0.02666408056574874,0.019013121660949473,1.402404141793999,0.1607945972586876,-0.010601637889712225,0.06392979902120971,0.446862246511325,0.3381590145499806,115
HU,88,0,-0.0,0.0,0.0,,,,,0.3579456422293573,0.23712236520209434,123
X,89,1,-0.04585386,-0.05788302014719727,0.021859278267465098,-2.6479840477326815,0.008097334602740333,-0.10072720555142886,-0.015038834742965676,0.29048950117862926,0.11102324389411067,152
AI,89,1,-0.02748899,-0.043601206252290185,0.018525554024568035,-2.3535709752306233,0.018594057774593248,-0.07991129214044354,-0.007291120364136837,0.446862246511325,0.3381590145499806,115
HU,89,1,-0.05322595,-0.06772249642708471,0.020433041831622714,-3.3143619528187718,0.000918525225245102,-0.10777125841706522,-0.02767373443710419,0.3579456422293573,0.23712236520209434,123
X,90,1,0.0047087786,0.01673791545477694,0.022185976006099384,0.7544367419389321,0.45058701626741593,-0.02674659751717785,0.06022242842673173,0.29048950117862926,0.11102324389411067,152
AI,90,1,-0.0053337943,-0.021446036612676436,0.018407449810454182,-1.165073751851087,0.2439891406161564,-0.05752463824116663,0.014632565015813764,0.446862246511325,0.3381590145499806,115
HU,90,0,0.0,0.0,0.0,,,,,0.3579456422293573,0.23712236520209434,123
X,91,1,-0.024667714,-0.03669682932245394,0.024078489983124014,-1.5240502767479933,0.1274961523487345,-0.083890669689377,0.01049701104446913,0.29048950117862926,0.11102324389411067,152
AI,91,1,-0.015860394,-0.03197260967663365,0.01919337789587503,-1.6658146288832818,0.09575034150585619,-0.06959163035254871,0.005646410999281412,0.446862246511325,0.3381590145499806,115
HU,91,1,-0.0011035985,-0.015600101326095496,0.020190669169955593,-0.7726391431002684,0.4397359720903987,-0.05517381289920845,0.02397361024701746,0.3579456422293573,0.23712236520209434,123
X,92,1,-0.005746313,-0.01777549528144103,0.021205352662662196,-0.8382551124810875,0.4018874401842514,-0.05933798650025893,0.023786995937376872,0.29048950117862926,0.11102324389411067,152
AI,92,0,0.0,0.0,0.0,,,,,0.446862246511325,0.3381590145499806,115
HU,92,0,0.0,0.0,0.0,,,,,0.3579456422293573,0.23712236520209434,123
X,93,1,0.0063616117,0.018390761929959008,0.020596064206329406,0.8929260341064249,0.37189678423691097,-0.021977523914446625,0.05875904777436464,0.29048950117862926,0.11102324389411067,152
AI,93,1,-0.021750081,-0.03786232268298019,0.01804652735481186,-2.098039248137383,0.035901678441934246,-0.07323351629841143,-0.0024911290675489473,0.446862246511325,0.3381590145499806,115
HU,93,0,-0.0,0.0,0.0,,,,,0.3579456422293573,0.23712236520209434,123
X,94,1,-0.021694534,-0.03372368760483836,0.019436692715239155,-1.7350527735820829,0.0827314581574243,-0.07181960532670711,0.004372230117030383,0.29048950117862926,0.11102324389411067,152
AI,94,1,-0.0067215976,-0.022833820477124393,0.01930214735932571,-1.1829678870466387,0.2368218746306615,-0.06066602930140279,0.014998388347154001,0.446862246511325,0.3381590145499806,115
HU,94,0,-0.0,0.0,0.0,,,,,0.3579456422293573,0.23712236520209434,123
X,95,1,-0.004711239,-0.016740412617795408,0.0196083141250737,-0.8537405363365214,0.3932487684853938,-0.05517270830293986,0.021691883067349045,0.29048950117862926,0.11102324389411067,152
AI,95,1,-0.022660285,-0.038772490425351414,0.018321095950848392,-2.1162757145844204,0.03432136496497947,-0.07468183848901426,-0.002863142361688567,0.446862246511325,0.3381590145499806,115
HU,95,0,0.0,0.0,0.0,,,,,0.3579456422293573,0.23712236520209434,123
X,96,1,0.011478122,0.023507283943740135,0.020880236619030244,1.1258150169771353,0.26024382646879674,-0.01741797982955914,0.0644325477170394,0.29048950117862926,0.11102324389411067,152
AI,96,0,0.0,0.0,0.0,,,,,0.446862246511325,0.3381590145499806,115
HU,96,0,0.0,0.0,0.0,,,,,0.3579456422293573,0.23712236520209434,123
X,97,0,0.0,0.0,0.0,,,,,0.29048950117862926,0.11102324389411067,152
AI,97,0,-0.0,0.0,0.0,,,,,0.446862246511325,0.3381590145499806,115
HU,97,1,-0.013867919,-0.028364448413384865,0.020110046508481937,-1.4104616019371918,0.15840342681920794,-0.06778013957000946,0.011051242743239733,0.3579456422293573,0.23712236520209434,123
X,98,0,-0.0,0.0,0.0,,,,,0.29048950117862926,0.11102324389411067,152
AI,98,0,-0.0,0.0,0.0,,,,,0.446862246511325,0.3381590145499806,115
HU,98,1,-0.023939367,-0.038435898824850906,0.02105339687617652,-1.8256388292543888,0.0679046829025461,-0.07970055670215688,0.002828759052455068,0.3579456422293573,0.23712236520209434,123
X,99,1,-0.022173971,-0.03420312989914915,0.020620190758485805,-1.6587203435581008,0.09717215806777071,-0.07461870378578134,0.006212443987483031,0.29048950117862926,0.11102324389411067,152
AI,99,1,-0.01415579,-0.03026799575297417,0.01876336652954485,-1.6131431268111776,0.10671341612491615,-0.06704419415088207,0.0065082026449337325,0.446862246511325,0.3381590145499806,115
HU,99,1,-0.010941135,-0.025437677369782044,0.020786521498413854,-1.2237582594915222,0.22104343469611276,-0.0661792595066732,0.015303904767109112,0.3579456422293573,0.23712236520209434,123
X,100,1,-0.015773652,-0.027802795674555313,0.021132127685759443,-1.315664758797152,0.18828658748519267,-0.06922176593864382,0.013616174589533195,0.29048950117862926,0.11102324389411067,152
AI,100,0,0.0,0.0,0.0,,,,,0.446862246511325,0.3381590145499806,115
HU,100,1,0.0033421572,0.01783871228840728,0.019793785000548823,0.9012279504861079,0.3674671327986523,-0.02095710631266841,0.056634530889482976,0.3579456422293573,0.23712236520209434,123
X,101,1,-0.006432182,-0.01846132217721405,0.02214995628691933,-0.8334699147066216,0.4045797584876105,-0.061875236499575936,0.024952592145147834,0.29048950117862926,0.11102324389411067,152
AI,101,1,-0.01938376,-0.035495986931327696,0.018219030248062994,-1.948291783263357,0.05138005976983673,-0.07120528621753117,0.00021331235487577482,0.446862246511325,0.3381590145499806,115
HU,101,1,-0.007269575,-0.021766115279703735,0.019923834898515538,-1.092466153758655,0.27462825944886393,-0.06081683168079419,0.017284601121386717,0.3579456422293573,0.23712236520209434,123
X,102,1,0.02507538,0.037104534722355975,0.02173568056916177,1.7070795001928436,0.08780727681666632,-0.005497399193201094,0.07970646863791304,0.29048950117862926,0.11102324389411067,152
AI,102,1,0.039521135,0.05563338113979705,0.01943747387275974,2.8621713656815944,0.004207493475402038,0.01753593234918796,0.09373082993040614,0.446862246511325,0.3381590145499806,115
HU,102,1,0.036717463,0.0512140291738608,0.020575102919731875,2.489126269436333,0.012805747567866125,0.010886827451186326,0.09154123089653528,0.3579456422293573,0.23712236520209434,123
X,103,0,0.0,0.0,0.0,,,,,0.29048950117862926,0.11102324389411067,152
AI,103,0,0.0,0.0,0.0,,,,,0.446862246511325,0.3381590145499806,115
HU,103,0,-0.0,0.0,0.0,,,,,0.3579456422293573,0.23712236520209434,123
X,104,1,0.024067838,0.0360969843778215,0.021777032062435125,1.6575713473870466,0.09740401693753598,-0.0065859984645513445,0.07877996722019434,0.29048950117862926,0.11102324389411067,152
AI,104,1,0.00064590125,0.016758125101774737,0.018953458315724658,0.8841724197568435,0.3766031442799239,-0.020390653197045593,0.05390690340059506,0.446862246511325,0.3381590145499806,115
HU,104,1,0.03271986,0.04721639938046052,0.02037315798232285,2.3175788172569374,0.02047222254010644,0.007285009735107734,0.08714778902581331,0.3579456422293573,0.23712236520209434,123
X,105,1,-0.01972326,-0.031752393281201656,0.023273595074910666,-1.364309775907001,0.17247009041690953,-0.07736863962802656,0.013863853065623245,0.29048950117862926,0.11102324389411067,152
AI,105,0,-0.0,0.0,0.0,,,,,0.446862246511325,0.3381590145499806,115
HU,105,0,-0.0,0.0,0.0,,,,,0.3579456422293573,0.23712236520209434,123
X,106,1,0.021935863,0.03396500718151352,0.022216763076013106,1.5288008908095483,0.1263138114895077,-0.009579848447472172,0.07750986281049921,0.29048950117862926,0.11102324389411067,152
AI,106,0,0.0,0.0,0.0,,,,,0.446862246511325,0.3381590145499806,115
HU,106,1,0.0044726427,0.018969181612355925,0.020141183657394333,0.9418106668915589,0.34628958296714984,-0.020507538356136966,0.058445901580848815,0.3579456422293573,0.23712236520209434,123
X,107,0,0.0,0.0,0.0,,,,,0.29048950117862926,0.11102324389411067,152
AI,107,1,0.0052565313,0.021368765271230297,0.018796675910976394,1.136837458518499,0.2556062409391838,-0.015472719514283435,0.05821025005674403,0.446862246511325,0.3381590145499806,115
HU,107,0,0.0,0.0,0.0,,,,,0.3579456422293573,0.23712236520209434,123
X,108,1,-0.038490172,-0.05051932825432033,0.022711475592747627,-2.224396563226939,0.026121774888284915,-0.09503382041610568,-0.006004836092534979,0.29048950117862926,0.11102324389411067,152
AI,108,0,0.0,0.0,0.0,,,,,0.446862246511325,0.3381590145499806,115
HU,108,1,0.0088493,0.02334582448030828,0.02032672083676394,1.1485288093337631,0.25075032696559674,-0.01649454835974904,0.0631861973203656,0.3579456422293573,0.23712236520209434,123
X,109,0,0.0,0.0,0.0,,,,,0.29048950117862926,0.11102324389411067,152
AI,109,1,0.0035149993,0.019627226694144597,0.01822237830921748,1.0770946778235033,0.28143797051983355,-0.01608863479192166,0.05534308818021086,0.446862246511325,0.3381590145499806,115
HU,109,0,0.0,0.0,0.0,,,,,0.3579456422293573,0.23712236520209434,123
X,110,1,-0.059316907,-0.07134607363663294,0.024600996689280154,-2.9001293946648055,0.0037300864378848895,-0.11956402714762204,-0.023128120125643838,0.29048950117862926,0.11102324389411067,152
AI,110,1,-0.01967896,-0.03579115970382652,0.01865334174537747,-1.9187532289058082,0.0550155715598076,-0.07235170952476636,0.0007693901171133138,0.446862246511325,0.3381590145499806,115
HU,110,1,-0.034264058,-0.04876058617877942,0.021467379537884215,-2.2713804492406706,0.023123956900419445,-0.09083665007303249,-0.006684522284526366,0.3579456422293573,0.23712236520209434,123
X,111,1,0.002611612,0.014640749762975825,0.02036307678797467,0.7189851472554413,0.47215007118611885,-0.025270880741454525,0.05455238026740617,0.29048950117862926,0.11102324389411067,152
AI,111,0,0.0,0.0,0.0,,,,,0.446862246511325,0.3381590145499806,115
HU,111,1,0.0038379147,0.018334429001495692,0.020151486538098097,0.9098300994734506,0.36291211818453883,-0.021162484613176574,0.05783134261616796,0.3579456422293573,0.23712236520209434,123
X,112,1,-0.03224888,-0.04427805214934194,0.02056074048140661,-2.153524197700139,0.031277504464567354,-0.0845771034928989,-0.003979000805784984,0.29048950117862926,0.11102324389411067,152
AI,112,1,-0.0056437557,-0.02175600047207032,0.018547098977533656,-1.1730136609732686,0.24079032747903928,-0.058108314468036285,0.014596313523895645,0.446862246511325,0.3381590145499806,115
HU,112,1,-0.031068297,-0.04556485466395746,0.020103153959270075,-2.266552539779279,0.023417574144626297,-0.08496703642412681,-0.006162672903788115,0.3579456422293573,0.23712236520209434,123
X,113,0,0.0,0.0,0.0,,,,,0.29048950117862926,0.11102324389411067,152
AI,113,1,-0.005461296,-0.02157350566761757,0.019099190506394116,-1.129550787002993,0.2586655578996797,-0.05900791906015003,0.015860907724914896,0.446862246511325,0.3381590145499806,115
HU,113,0,-0.0,0.0,0.0,,,,,0.3579456422293573,0.23712236520209434,123
X,114,1,0.022434084,0.03446324656043403,0.02187416589785845,1.575522775193366,0.11513582565384742,-0.008410118599368528,0.07733661172023659,0.29048950117862926,0.11102324389411067,152
AI,114,1,0.00040169008,0.016513921506624587,0.017913055814349137,0.9218930414651093,0.3565843691532645,-0.018595667889499724,0.0516235109027489,0.446862246511325,0.3381590145499806,115
HU,114,0,0.0,0.0,0.0,,,,,0.3579456422293573,0.23712236520209434,123
X,115,1,-0.006993535,-0.01902268049109526,0.02130188547948049,-0.8930045422232353,0.3718547402169943,-0.060774376030877014,0.0227290150486865,0.29048950117862926,0.11102324389411067,152
AI,115,0,0.0,0.0,0.0,,,,,0.446862246511325,0.3381590145499806,115
HU,115,1,-0.019302184,-0.03379871825743689,0.02001798853601681,-1.6884173050966376,0.09133115087108078,-0.07303397578802984,0.0054365392731560575,0.3579456422293573,0.23712236520209434,123
X,116,1,0.01454344,0.02657260617760453,0.02277633568739915,1.1666760861935153,0.24334120370558865,-0.018069011769697805,0.07121422412490687,0.29048950117862926,0.11102324389411067,152
AI,116,1,0.046500865,0.06261307774265676,0.018315275616045644,3.418626017716201,0.0006293816607139688,0.026715137535207295,0.09851101795010622,0.446862246511325,0.3381590145499806,115
HU,116,0,-0.0,0.0,0.0,,,,,0.3579456422293573,0.23712236520209434,123
X,117,0,0.0,0.0,0.0,,,,,0.29048950117862926,0.11102324389411067,152
AI,117,1,0.020549392,0.03666161518960026,0.01937835849036081,1.891884454910693,0.05850637740643772,-0.0013199674515069273,0.07464319783070744,0.446862246511325,0.3381590145499806,115
HU,117,1,0.0007697552,0.015266297247939186,0.020063220308226295,0.7609096153761378,0.4467110549734161,-0.024057614556184347,0.05459020905206272,0.3579456422293573,0.23712236520209434,123
X,118,1,0.0042970846,0.0163262486265841,0.020478479431047955,0.7972393009722903,0.42531206510666353,-0.023811571058269893,0.05646406831143809,0.29048950117862926,0.11102324389411067,152
AI,118,1,0.033476338,0.04958858905739571,0.018371305675709333,2.6992414111840772,0.006949774216185444,0.013580829933005419,0.08559634818178599,0.446862246511325,0.3381590145499806,115
HU,118,0,-0.0,0.0,0.0,,,,,0.3579456422293573,0.23712236520209434,123
X,119,1,0.0069235214,0.018952648261003652,0.021348302065199765,0.8877824664050773,0.3746577761871116,-0.022890023786787887,0.06079532030879519,0.29048950117862926,0.11102324389411067,152
AI,119,0,0.0,0.0,0.0,,,,,0.446862246511325,0.3381590145499806,115
HU,119,0,-0.0,0.0,0.0,,,,,0.3579456422293573,0.23712236520209434,123
X,120,0,0.0,0.0,0.0,,,,,0.29048950117862926,0.11102324389411067,152
AI,120,1,0.007220628,0.023332859704036667,0.018113952511148373,1.2881153182706135,0.19770582378773782,-0.012170487217814142,0.058836206625887476,0.446862246511325,0.3381590145499806,115
HU,120,0,-0.0,0.0,0.0,,,,,0.3579456422293573,0.23712236520209434,123
X,121,1,0.01690355,0.028932701913090622,0.021360927415332555,1.354468434377206,0.17558697738067053,-0.012934715820961187,0.07080011964714243,0.29048950117862926,0.11102324389411067,152
AI,121,0,-0.0,0.0,0.0,,,,,0.446862246511325,0.3381590145499806,115
HU,121,0,0.0,0.0,0.0,,,,,0.3579456422293573,0.23712236520209434,123
X,122,0,0.0,0.0,0.0,,,,,0.29048950117862926,0.11102324389411067,152
AI,122,0,0.0,0.0,0.0,,,,,0.446862246511325,0.3381590145499806,115
HU,122,1,0.0071744886,0.0216710235968367,0.019345202929202197,1.1202272561392264,0.26261693186639523,-0.016245574144399606,0.05958762133807301,0.3579456422293573,0.23712236520209434,123
X,123,1,0.012063543,0.02409272903649583,0.01912390590810706,1.259822609056154,0.207733361816129,-0.013390126543394002,0.06157558461638567,0.29048950117862926,0.11102324389411067,152
AI,123,0,0.0,0.0,0.0,,,,,0.446862246511325,0.3381590145499806,115
HU,123,1,0.006404975,0.020901525899428442,0.019225784451464917,1.0871611482066648,0.2769655977157234,-0.016781011625442797,0.058584063424299684,0.3579456422293573,0.23712236520209434,123
X,124,1,0.017097702,0.0291268613800763,0.021683209208123028,1.3432910737754036,0.17917774131661335,-0.013372228667844835,0.07162595142799744,0.29048950117862926,0.11102324389411067,152
AI,124,0,0.0,0.0,0.0,,,,,0.446862246511325,0.3381590145499806,115
HU,124,0,0.0,0.0,0.0,,,,,0.3579456422293573,0.23712236520209434,123
X,125,1,-0.018456822,-0.030485977527799045,0.021227244440492274,-1.436172161359068,0.1509533584645158,-0.0720913766311639,0.011119421575565808,0.29048950117862926,0.11102324389411067,152
AI,125,0,0.0,0.0,0.0,,,,,0.446862246511325,0.3381590145499806,115
HU,125,1,-0.032480586,-0.04697712023446297,0.02030475394644384,-2.313602044051881,0.02068956146855528,-0.08677443796949288,-0.0071798024994330426,0.3579456422293573,0.23712236520209434,123
X,126,1,0.024107138,0.03613628466833266,0.019882604247062386,1.8174824695649072,0.06914327016554878,-0.0028336196559096208,0.07510618899257493,0.29048950117862926,0.11102324389411067,152
AI,126,1,0.0028062302,0.018918434408637524,0.019259738261104237,0.9822788945602657,0.3259624692171096,-0.01883065258312678,0.05666752140040183,0.446862246511325,0.3381590145499806,115
HU,126,1,0.054676913,0.06917343333909008,0.019756130507587327,3.5013654780486534,0.00046288058662197196,0.03045141754421892,0.10789544913396124,0.3579456422293573,0.23712236520209434,123
X,127,1,0.05437859,0.06640773906570664,0.022706495189334437,2.9246142353532085,0.0034488346833731914,0.021903008494611145,0.11091246963680214,0.29048950117862926,0.11102324389411067,152
AI,127,0,0.0,0.0,0.0,,,,,0.446862246511325,0.3381590145499806,115
HU,127,1,0.025688453,0.04018500505320985,0.019419555015227175,2.06930617213938,0.0385173648282692,0.002122677223364587,0.0782473328830551,0.3579456422293573,0.23712236520209434,123
X,128,1,0.028376173,0.04040532507257756,0.022239264922536268,1.8168462497891569,0.06924065880776362,-0.0031836341755935235,0.08399428432074865,0.29048950117862926,0.11102324389411067,152
AI,128,0,0.0,0.0,0.0,,,,,0.446862246511325,0.3381590145499806,115
HU,128,0,0.0,0.0,0.0,,,,,0.3579456422293573,0.23712236520209434,123
X,129,1,0.03499618,0.0470253260711609,0.02210849243004936,2.1270254505117294,0.03341796862022866,0.003692680908264155,0.09035797123405764,0.29048950117862926,0.11102324389411067,152
AI,129,0,-0.0,0.0,0.0,,,,,0.446862246511325,0.3381590145499806,115
HU,129,1,0.018628238,0.033124763403892823,0.020081965321388222,1.6494781697792007,0.0990497118802331,-0.006235888626028092,0.07248541543381373,0.3579456422293573,0.23712236520209434,123
X,130,1,0.03362381,0.0456529575603365,0.024306406369267407,1.8782273638796436,0.06035006828830545,-0.0019875989234276192,0.09329351404410062,0.29048950117862926,0.11102324389411067,152
AI,130,0,0.0,0.0,0.0,,,,,0.446862246511325,0.3381590145499806,115
HU,130,0,0.0,0.0,0.0,,,,,0.3579456422293573,0.23712236520209434,123
X,131,1,-0.040618367,-0.05264752902450386,0.02047336681813151,-2.571513004782313,0.010125521235951786,-0.09277532798804163,-0.0125197300609661,0.29048950117862926,0.11102324389411067,152
AI,131,0,0.0,0.0,0.0,,,,,0.446862246511325,0.3381590145499806,115
HU,131,0,0.0,0.0,0.0,,,,,0.3579456422293573,0.23712236520209434,123
X,132,0,-0.0,0.0,0.0,,,,,0.29048950117862926,0.11102324389411067,152
AI,132,1,0.016348464,0.0324606616837337,0.01818138146693101,1.7853792761993577,0.07419981779386642,-0.0031748459914510765,0.06809616935891849,0.446862246511325,0.3381590145499806,115
HU,132,1,0.04208315,0.056579658092336,0.02031445165882597,2.7851924847675607,0.005349595599490044,0.0167633328410371,0.09639598334363489,0.3579456422293573,0.23712236520209434,123
X,133,1,-0.018497353,-0.030526515587924415,0.02259596657819054,-1.3509718861678783,0.17670443867396657,-0.07481461008117787,0.013761578905329044,0.29048950117862926,0.11102324389411067,152
AI,133,0,-0.0,0.0,0.0,,,,,0.446862246511325,0.3381590145499806,115
HU,133,1,-0.029741159,-0.04423768752231102,0.019899969051282253,-2.223002830221013,0.026215609129854135,-0.08324162686282424,-0.005233748181797802,0.3579456422293573,0.23712236520209434,123
X,134,0,0.0,0.0,0.0,,,,,0.29048950117862926,0.11102324389411067,152
AI,134,1,0.014364295,0.03047650454777758,0.018452525015044227,1.6516170292645738,0.09861264627855995,-0.005690444481709106,0.06664345357726427,0.446862246511325,0.3381590145499806,115
HU,134,0,0.0,0.0,0.0,,,,,0.3579456422293573,0.23712236520209434,123
X,135,1,-0.030854773,-0.04288393479502131,0.02141120270857953,-2.002873700216644,0.045190846642674344,-0.08484989210383719,-0.0009179774862054374,0.29048950117862926,0.11102324389411067,152
AI,135,1,-0.023274817,-0.039387047628748006,0.01918790319448463,-2.052702019054871,0.040101486119867046,-0.07699533788993787,-0.0017787573675581356,0.446862246511325,0.3381590145499806,115
HU,135,1,-0.05748049,-0.07197703761385923,0.02080101992476988,-3.460264827117871,0.0005396443767730835,-0.1127470366664082,-0.031207038561310275,0.3579456422293573,0.23712236520209434,123
X,136,1,0.058547433,0.07057661034711937,0.023266981987321942,3.03333755901716,0.0024186488615201176,0.024973325651968366,0.11617989504227039,0.29048950117862926,0.11102324389411067,152
AI,136,1,0.017558137,0.03367038094498486,0.018693152172590363,1.8012147247351629,0.0716690423916404,-0.002968197313292252,0.07030895920326197,0.446862246511325,0.3381590145499806,115
HU,136,1,0.02422747,0.03872402140645846,0.021184002332563866,1.8279841929082603,0.06755192401703694,-0.0027966231653667115,0.08024466597828364,0.3579456422293573,0.23712236520209434,123
X,137,1,0.027255176,0.03928433482016754,0.02117585121982265,1.8551478480068655,0.06357511664220013,-0.0022203335706848515,0.08078900321101994,0.29048950117862926,0.11102324389411067,152
AI,137,0,0.0,0.0,0.0,,,,,0.446862246511325,0.3381590145499806,115
HU,137,0,0.0,0.0,0.0,,,,,0.3579456422293573,0.23712236520209434,123
X,138,1,-0.011338528,-0.023367688135640607,0.02005731413762121,-1.1650457272247723,0.24400048372244443,-0.06268002384537819,0.015944647574096964,0.29048950117862926,0.11102324389411067,152
AI,138,0,-0.0,0.0,0.0,,,,,0.446862246511325,0.3381590145499806,115
HU,138,1,-0.011565623,-0.026062183105947264,0.018147933412175153,-1.43609646972049,0.15097489251576038,-0.06163213259381056,0.009507766381916038,0.3579456422293573,0.23712236520209434,123
X,139,1,-0.034161035,-0.046190202331632915,0.02337192581735987,-1.976311352884939,0.04811952457827918,-0.09199917693365825,-0.0003812277296075736,0.29048950117862926,0.11102324389411067,152
AI,139,1,-0.0060232547,-0.02213549113356371,0.01781202274904351,-1.2427275355210494,0.2139682535004266,-0.05704705572168899,0.012776073454561575,0.446862246511325,0.3381590145499806,115
HU,139,1,-0.010381259,-0.024877793584227235,0.0196453410498748,-1.2663457214139728,0.2053893345212071,-0.06338266204198184,0.013627074873527368,0.3579456422293573,0.23712236520209434,123
X,140,1,0.008266279,0.020295431627108052,0.021667138030586057,0.9366918509707347,0.34891708921563624,-0.022172158912840616,0.06276302216705672,0.29048950117862926,0.11102324389411067,152
AI,140,1,-0.009473628,-0.025585878965740848,0.0178009543830821,-1.4373318651980527,0.15062371868750013,-0.06047574955658177,0.009303991625100073,0.446862246511325,0.3381590145499806,115
HU,140,1,-0.022494832,-0.03699139613701608,0.018880833953012686,-1.959203509181522,0.05008895834218481,-0.07399783068492094,1.5038410888783271e-05,0.3579456422293573,0.23712236520209434,123
X,141,1,0.020918055,0.03294724054056038,0.02170253359883207,1.5181287654973816,0.12898194083155354,-0.009589725313150478,0.07548420639427122,0.29048950117862926,0.11102324389411067,152
AI,141,1,0.013372639,0.029484892016916397,0.0171429655206183,1.7199411607900705,0.0854431375599538,-0.004115320403495472,0.06308510443732826,0.446862246511325,0.3381590145499806,115
HU,141,0,0.0,0.0,0.0,,,,,0.3579456422293573,0.23712236520209434,123
X,142,0,-0.0,0.0,0.0,,,,,0.29048950117862926,0.11102324389411067,152
AI,142,0,-0.0,0.0,0.0,,,,,0.446862246511325,0.3381590145499806,115
HU,142,1,-0.006004086,-0.02050063564488018,0.018924337510453585,-1.0832947591193545,0.27867761080183795,-0.057592337165369205,0.016591065875608844,0.3579456422293573,0.23712236520209434,123
X,143,1,0.021467624,0.03349678088622318,0.0201723532527487,1.6605291641746798,0.09680804587445976,-0.006041031489164274,0.07303459326161063,0.29048950117862926,0.11102324389411067,152
AI,143,0,0.0,0.0,0.0,,,,,0.446862246511325,0.3381590145499806,115
HU,143,1,0.014001571,0.02849811603652839,0.01933157877755342,1.4741742702162826,0.1404346756119436,-0.009391778367476317,0.0663880104405331,0.3579456422293573,0.23712236520209434,123
X,144,1,0.029420918,0.041450059203685864,0.02181790355855394,1.899818609631489,0.05745692788794054,-0.001313031771079852,0.08421315017845157,0.29048950117862926,0.11102324389411067,152
AI,144,0,0.0,0.0,0.0,,,,,0.446862246511325,0.3381590145499806,115
HU,144,1,0.016659582,0.031156121652349086,0.020305782505438682,1.5343472552217212,0.12494424610227854,-0.008643212058310729,0.0709554553630089,0.3579456422293573,0.23712236520209434,123
X,145,0,-0.0,0.0,0.0,,,,,0.29048950117862926,0.11102324389411067,152
AI,145,1,-0.00081164326,-0.016923846038918944,0.017884029429249295,-0.9463105675301577,0.34399020497689903,-0.05197654372024756,0.018128851642409675,0.446862246511325,0.3381590145499806,115
HU,145,0,0.0,0.0,0.0,,,,,0.3579456422293573,0.23712236520209434,123
X,146,1,0.003796974,0.015826113641227216,0.022263121043990936,0.7108668011980674,0.4771667803636368,-0.027809603604995018,0.059461830887449454,0.29048950117862926,0.11102324389411067,152
AI,146,0,-0.0,0.0,0.0,,,,,0.446862246511325,0.3381590145499806,115
HU,146,1,0.00857683,0.0230733719184774,0.020857076849290376,1.106261058786022,0.2686135415122196,-0.017806498706131733,0.06395324254308654,0.3579456422293573,0.23712236520209434,123
X,147,0,-0.0,0.0,0.0,,,,,0.29048950117862926,0.11102324389411067,152
AI,147,0,0.0,0.0,0.0,,,,,0.446862246511325,0.3381590145499806,115
HU,147,0,0.0,0.0,0.0,,,,,0.3579456422293573,0.23712236520209434,123
X,148,1,0.016851744,0.028880918026386412,0.021709795221831314,1.3303173858288555,0.18341372126814603,-0.01367028060840296,0.07143211666117578,0.29048950117862926,0.11102324389411067,152
AI,148,0,0.0,0.0,0.0,,,,,0.446862246511325,0.3381590145499806,115
HU,148,0,-0.0,0.0,0.0,,,,,0.3579456422293573,0.23712236520209434,123
X,149,1,-0.009601017,-0.02163018904198815,0.023170643423867678,-0.9335169786311271,0.35055310826971664,-0.06704465015276881,0.0237842720687925,0.29048950117862926,0.11102324389411067,152
AI,149,1,0.02880621,0.044918399946159426,0.018802474506714947,2.388962151238002,0.01689604289574271,0.008065549912998127,0.08177124997932073,0.446862246511325,0.3381590145499806,115
HU,149,0,0.0,0.0,0.0,,,,,0.3579456422293573,0.23712236520209434,123
X,150,1,0.011458436,0.023487562814533784,0.01996622501097129,1.1763647260124308,0.23944916106723924,-0.01564623820696994,0.0626213638360375,0.29048950117862926,0.11102324389411067,152
AI,150,0,-0.0,0.0,0.0,,,,,0.446862246511325,0.3381590145499806,115
HU,150,1,-0.00358123,-0.01807778324428155,0.01935604491269358,-0.9339605960733356,0.3503242192721665,-0.05601563127316096,0.019860064784597866,0.3579456422293573,0.23712236520209434,123
X,151,1,0.03561335,0.0476425092938112,0.020921231458468196,2.277232551458014,0.02277234226097287,0.006636895635213531,0.08864812295240887,0.29048950117862926,0.11102324389411067,152
AI,151,0,0.0,0.0,0.0,,,,,0.446862246511325,0.3381590145499806,115
HU,151,1,0.0133530395,0.027849593774471375,0.02100883884283273,1.3256131851367123,0.1849678565862629,-0.01332773035748077,0.06902691790642351,0.3579456422293573,0.23712236520209434,123
X,152,1,-0.009204051,-0.021233200099634354,0.02539130567852392,-0.8362390011945502,0.4030204615391416,-0.07100015922954124,0.02853375903027253,0.29048950117862926,0.11102324389411067,152
AI,152,0,0.0,0.0,0.0,,,,,0.446862246511325,0.3381590145499806,115
HU,152,1,0.022087727,0.036584266479991065,0.021383097739105347,1.7108964718935866,0.08710022603960156,-0.0053266050886554145,0.07849513804863754,0.3579456422293573,0.23712236520209434,123
X,153,0,0.0,0.0,0.0,,,,,0.29048950117862926,0.11102324389411067,152
AI,153,1,-0.0015682239,-0.01768045950681289,0.017925350917357995,-0.9863382640778338,0.3239671488815967,-0.05281414730483455,0.017453228291208777,0.446862246511325,0.3381590145499806,115
HU,153,0,0.0,0.0,0.0,,,,,0.3579456422293573,0.23712236520209434,123
X,154,0,0.0,0.0,0.0,,,,,0.29048950117862926,0.11102324389411067,152
AI,154,1,5.146468e-05,0.01616367516594593,0.01752764167043824,0.9221819723304392,0.35643366487357664,-0.018190502508113018,0.05051785284000487,0.446862246511325,0.3381590145499806,115
HU,154,0,0.0,0.0,0.0,,,,,0.3579456422293573,0.23712236520209434,123
X,155,1,-0.016020102,-0.028049266214052796,0.020810822232147003,-1.347821143305159,0.1777159158009185,-0.06883847778906092,0.012739945360955327,0.29048950117862926,0.11102324389411067,152
AI,155,1,-0.0057702763,-0.02188249501900289,0.01735224585302783,-1.2610756673427703,0.20728158642125083,-0.05589289689093744,0.012127906852931657,0.446862246511325,0.3381590145499806,115
HU,155,0,-0.0,0.0,0.0,,,,,0.3579456422293573,0.23712236520209434,123
X,156,0,0.0,0.0,0.0,,,,,0.29048950117862926,0.11102324389411067,152
AI,156,0,0.0,0.0,0.0,,,,,0.446862246511325,0.3381590145499806,115
HU,156,0,0.0,0.0,0.0,,,,,0.3579456422293573,0.23712236520209434,123
X,157,1,-0.023335068,-0.035364227406145386,0.023435316578995623,-1.5090142813705913,0.1312951331992387,-0.08129744790097682,0.010568993088686036,0.29048950117862926,0.11102324389411067,152
AI,157,1,-0.012809315,-0.02892151042258447,0.01886418202223491,-1.5331441558661356,0.12524034013639257,-0.06589530718616489,0.008052286340995949,0.446862246511325,0.3381590145499806,115
HU,157,1,-0.00039924917,-0.014895762043910611,0.02069289202557894,-0.7198492132224743,0.4716178403970249,-0.05545383041404533,0.025662306326224106,0.3579456422293573,0.23712236520209434,123
X,158,1,-0.021678431,-0.03370758344472112,0.021557857944934214,-1.5635868614971515,0.11791462233009713,-0.07596098501679219,0.00854581812734994,0.29048950117862926,0.11102324389411067,152
AI,158,0,-0.0,0.0,0.0,,,,,0.446862246511325,0.3381590145499806,115
HU,158,0,-0.0,0.0,0.0,,,,,0.3579456422293573,0.23712236520209434,123
X,159,1,-0.009712177,-0.021741338318218728,0.021013742489337194,-1.0346247618314885,0.30084418533607915,-0.06292827359731963,0.019445596960882175,0.29048950117862926,0.11102324389411067,152
AI,159,1,-0.028226072,-0.04433828667826458,0.01837902634300384,-2.4124393670692132,0.015846172860618596,-0.08036117831055212,-0.008315395045977052,0.446862246511325,0.3381590145499806,115
HU,159,1,-0.028380435,-0.04287697579217454,0.01958020508121226,-2.1898123954440174,0.028537845400265896,-0.08125417775135058,-0.004499773832998509,0.3579456422293573,0.23712236520209434,123
X,160,1,0.014424839,0.026454017127328144,0.022262289441233155,1.1882882574660658,0.2347198623986868,-0.017180070177488842,0.07008810443214514,0.29048950117862926,0.11102324389411067,152
AI,160,1,0.007131876,0.023244136626252205,0.019298250229515285,1.204468609838107,0.2284085075775537,-0.014580433823597753,0.061068707076102166,0.446862246511325,0.3381590145499806,115
HU,160,1,0.01902954,0.03352610510981742,0.01936921547058719,1.7308963886910107,0.08347024585680209,-0.004437557212533472,0.07148976743216831,0.3579456422293573,0.23712236520209434,123
X,161,1,-0.017243199,-0.029272330745132812,0.023369911270274626,-1.2525649073544312,0.21036409279314228,-0.07507735683487107,0.016532695344605452,0.29048950117862926,0.11102324389411067,152
AI,161,0,-0.0,0.0,0.0,,,,,0.446862246511325,0.3381590145499806,115
HU,161,0,0.0,0.0,0.0,,,,,0.3579456422293573,0.23712236520209434,123
X,162,1,-0.035071265,-0.04710044310659954,0.021337581967687206,-2.2073936577221636,0.027286569087809052,-0.08892210376326647,-0.005278782449932615,0.29048950117862926,0.11102324389411067,152
AI,162,1,-0.014547472,-0.030659716910327747,0.0191020911896287,-1.6050450500924291,0.10848389079940628,-0.06809981564199999,0.006780381821344501,0.446862246511325,0.3381590145499806,115
HU,162,1,-0.03099166,-0.04548819342598417,0.01854218946672553,-2.453226654145347,0.014158109801901192,-0.08183088478076621,-0.009145502071202127,0.3579456422293573,0.23712236520209434,123
X,163,0,-0.0,0.0,0.0,,,,,0.29048950117862926,0.11102324389411067,152
AI,163,0,-0.0,0.0,0.0,,,,,0.446862246511325,0.3381590145499806,115
HU,163,0,0.0,0.0,0.0,,,,,0.3579456422293573,0.23712236520209434,123
X,164,1,0.011938385,0.023967531617045887,0.024168128846974127,0.9916999271561996,0.3213439266061572,-0.0234020009230234,0.07133706415711517,0.29048950117862926,0.11102324389411067,152
AI,164,1,-0.015843602,-0.03195581855650422,0.01853017966331384,-1.7245282634668968,0.08461252118309061,-0.06827497069659935,0.004363333583590902,0.446862246511325,0.3381590145499806,115
HU,164,1,-0.008862142,-0.023358681801727035,0.021722625585994238,-1.0753157673899076,0.2822333792969377,-0.06593502795027574,0.019217664346821674,0.3579456422293573,0.23712236520209434,123
X,165,1,0.020503681,0.032532824564443064,0.01929644913564845,1.6859487637205544,0.09180566839068016,-0.005288215741427897,0.07035386487031403,0.29048950117862926,0.11102324389411067,152
AI,165,0,0.0,0.0,0.0,,,,,0.446862246511325,0.3381590145499806,115
HU,165,1,0.008035496,0.02253206596349716,0.01934576688263902,1.1647026504654896,0.2441393757597512,-0.015385637126475317,0.06044976905346964,0.3579456422293573,0.23712236520209434,123
X,166,1,0.0020094765,0.014038647926690382,0.020142324803853563,0.6969725721037203,0.4858199588415656,-0.025440308688862604,0.05351760454224337,0.29048950117862926,0.11102324389411067,152
AI,166,0,-0.0,0.0,0.0,,,,,0.446862246511325,0.3381590145499806,115
HU,166,1,-0.01216385,-0.026660372031623678,0.01946803871751739,-1.3694431379795136,0.17086079766849016,-0.06481772791795776,0.011496983854710402,0.3579456422293573,0.23712236520209434,123
X,167,1,0.026254248,0.03828342369223755,0.02208294666664446,1.733619352079646,0.08298564448069716,-0.004999151774385591,0.08156599915886069,0.29048950117862926,0.11102324389411067,152
AI,167,0,-0.0,0.0,0.0,,,,,0.446862246511325,0.3381590145499806,115
HU,167,1,-0.028536884,-0.04303339408918407,0.02005953785269025,-2.145283426029315,0.031930192833084035,-0.08235008828045697,-0.00371669989791118,0.3579456422293573,0.23712236520209434,123
X,168,1,-0.00040609456,-0.012435254207609447,0.020932235633439822,-0.5940719579777607,0.5524639855781698,-0.05346243604915149,0.0285919276339326,0.29048950117862926,0.11102324389411067,152
AI,168,1,0.012279186,0.028391416103332387,0.018642950425375112,1.522903588516147,0.1277828278750812,-0.00814876673040283,0.0649315989370676,0.446862246511325,0.3381590145499806,115
HU,168,0,-0.0,0.0,0.0,,,,,0.3579456422293573,0.23712236520209434,123
X,169,0,-0.0,0.0,0.0,,,,,0.29048950117862926,0.11102324389411067,152
AI,169,0,0.0,0.0,0.0,,,,,0.446862246511325,0.3381590145499806,115
HU,169,0,0.0,0.0,0.0,,,,,0.3579456422293573,0.23712236520209434,123
X,170,1,-0.024728091,-0.03675725126289046,0.02079494590089423,-1.7676050439404996,0.07712695420565495,-0.07751534522864315,0.004000842702862231,0.29048950117862926,0.11102324389411067,152
AI,170,0,-0.0,0.0,0.0,,,,,0.446862246511325,0.3381590145499806,115
HU,170,0,-0.0,0.0,0.0,,,,,0.3579456422293573,0.23712236520209434,123
X,171,1,0.024523618,0.03655277556726095,0.021641903763089554,1.6889815224851896,0.0912229709870135,-0.005865355808394576,0.07897090694291647,0.29048950117862926,0.11102324389411067,152
AI,171,1,0.013000434,0.029112656355470987,0.018473154749309387,1.5759439440932175,0.11503872240937191,-0.007094726953175409,0.06532003966411738,0.446862246511325,0.3381590145499806,115
HU,171,1,0.030059017,0.044555576796950574,0.02189028657088894,2.0354039976892464,0.041810239423974986,0.001650615118008257,0.08746053847589288,0.3579456422293573,0.23712236520209434,123
X,172,0,0.0,0.0,0.0,,,,,0.29048950117862926,0.11102324389411067,152
AI,172,1,-0.006762153,-0.022874388524701996,0.018292263433822963,-1.25049524939634,0.2111186896293621,-0.058727224854995,0.012978447805591011,0.446862246511325,0.3381590145499806,115
HU,172,0,-0.0,0.0,0.0,,,,,0.3579456422293573,0.23712236520209434,123
X,173,1,0.00952809,0.02155725449691167,0.02371943893894412,0.9088433563880621,0.3634328169582084,-0.0249328458234188,0.06804735481724214,0.29048950117862926,0.11102324389411067,152
AI,173,1,0.006111612,0.022223826410402884,0.01859225550400294,1.195327076137592,0.23195926498193664,-0.014216994377442876,0.05866464719824864,0.446862246511325,0.3381590145499806,115
HU,173,0,-0.0,0.0,0.0,,,,,0.3579456422293573,0.23712236520209434,123
X,174,0,0.0,0.0,0.0,,,,,0.29048950117862926,0.11102324389411067,152
AI,174,0,-0.0,0.0,0.0,,,,,0.446862246511325,0.3381590145499806,115
HU,174,1,0.018779306,0.03327582731830789,0.020192714890072946,1.647912502080976,0.09937062753270318,-0.0063018938662350865,0.07285354850285086,0.3579456422293573,0.23712236520209434,123
X,175,1,-0.036504984,-0.048534120576608386,0.01981949682575759,-2.4488068997560535,0.014333026615162867,-0.08738033435509326,-0.009687906798123508,0.29048950117862926,0.11102324389411067,152
AI,175,0,-0.0,0.0,0.0,,,,,0.446862246511325,0.3381590145499806,115
HU,175,1,-0.026771009,-0.04126756002095589,0.02056631315263234,-2.0065609093224346,0.04479643713368803,-0.08157753380011529,-0.0009575862417965028,0.3579456422293573,0.23712236520209434,123
X,176,0,-0.0,0.0,0.0,,,,,0.29048950117862926,0.11102324389411067,152
AI,176,0,-0.0,0.0,0.0,,,,,0.446862246511325,0.3381590145499806,115
HU,176,0,-0.0,0.0,0.0,,,,,0.3579456422293573,0.23712236520209434,123
X,177,1,0.02318461,0.03521377636975407,0.022040282980267854,1.5977007373852747,0.11010959458883883,-0.007985178271570921,0.07841273101107907,0.29048950117862926,0.11102324389411067,152
AI,177,1,-0.0061747613,-0.022286968356212012,0.018806127901120694,-1.1850907572995868,0.23598156506892687,-0.05914697904240858,0.014573042329984551,0.446862246511325,0.3381590145499806,115
HU,177,0,0.0,0.0,0.0,,,,,0.3579456422293573,0.23712236520209434,123
X,178,0,0.0,0.0,0.0,,,,,0.29048950117862926,0.11102324389411067,152
AI,178,1,0.0024228327,0.018535059895518465,0.018902906794987004,0.9805401939787328,0.3268195392354333,-0.018514637422656063,0.05558475721369299,0.446862246511325,0.3381590145499806,115
HU,178,1,0.007873783,0.02237031748582911,0.020071987622109804,1.1145043483978456,0.2650628800210313,-0.016970778253506107,0.061711413225164324,0.3579456422293573,0.23712236520209434,123
X,179,0,-0.0,0.0,0.0,,,,,0.29048950117862926,0.11102324389411067,152
AI,179,1,0.009587605,0.025699826497774088,0.01846150811051001,1.3920762238889548,0.16389931721497464,-0.010484729398825526,0.0618843823943737,0.446862246511325,0.3381590145499806,115
HU,179,0,-0.0,0.0,0.0,,,,,0.3579456422293573,0.23712236520209434,123
X,180,0,-0.0,0.0,0.0,,,,,0.29048950117862926,0.11102324389411067,152
AI,180,0,-0.0,0.0,0.0,,,,,0.446862246511325,0.3381590145499806,115
HU,180,0,0.0,0.0,0.0,,,,,0.3579456422293573,0.23712236520209434,123
X,181,1,-0.0006217006,-0.012650858479109564,0.023193918004316305,-0.5454386135518494,0.5854518893525307,-0.05811093776756952,0.03280922080935039,0.29048950117862926,0.11102324389411067,152
AI,181,1,-0.020318676,-0.03643089561794654,0.01801684843622515,-2.022045961417848,0.04317160386510556,-0.07174391855294784,-0.001117872682945241,0.446862246511325,0.3381590145499806,115
HU,181,0,0.0,0.0,0.0,,,,,0.3579456422293573,0.23712236520209434,123
X,182,1,-0.030763887,-0.04279304554568868,0.021845815417828547,-1.9588669375447036,0.05012837191213582,-0.08561084376463263,2.475267325527386e-05,0.29048950117862926,0.11102324389411067,152
AI,182,0,-0.0,0.0,0.0,,,,,0.446862246511325,0.3381590145499806,115
HU,182,1,-0.010351198,-0.024847728346912963,0.02012667010861945,-1.2345672787805904,0.2169915931414904,-0.06429600175980708,0.014600545065981158,0.3579456422293573,0.23712236520209434,123
X,183,1,0.04349903,0.055528185897941326,0.021180024994772104,2.6217242855779173,0.008748617578460132,0.014015336908188007,0.09704103488769464,0.29048950117862926,0.11102324389411067,152
AI,183,1,0.023555428,0.03966764995589001,0.017768969308759663,2.2324114171515195,0.02558778391764445,0.004840470110721071,0.07449482980105895,0.446862246511325,0.3381590145499806,115
HU,183,1,0.025468035,0.03996456407062702,0.019859981546048414,2.0123162742101774,0.044186607983783745,0.0010390002403721302,0.0788901279008819,0.3579456422293573,0.23712236520209434,123
X,184,1,0.032718968,0.04474811508724142,0.020481260218324755,2.184832115320956,0.02890115837493924,0.004604845059324902,0.08489138511515794,0.29048950117862926,0.11102324389411067,152
AI,184,0,0.0,0.0,0.0,,,,,0.446862246511325,0.3381590145499806,115
HU,184,0,0.0,0.0,0.0,,,,,0.3579456422293573,0.23712236520209434,123
X,185,0,-0.0,0.0,0.0,,,,,0.29048950117862926,0.11102324389411067,152
AI,185,0,0.0,0.0,0.0,,,,,0.446862246511325,0.3381590145499806,115
HU,185,1,-0.011100434,-0.025596971633977957,0.02066053088405736,-1.2389309731498617,0.21537106210117174,-0.06609161216673037,0.014897668898774467,0.3579456422293573,0.23712236520209434,123
X,186,1,0.002544769,0.014573909667122496,0.019720425661312165,0.7390261202989049,0.45989113655005054,-0.024078124629049343,0.05322594396329433,0.29048950117862926,0.11102324389411067,152
AI,186,1,-0.012986369,-0.02909858558192909,0.01820688356828718,-1.598218908403035,0.10999426705449944,-0.06478407737577196,0.006586906211913782,0.446862246511325,0.3381590145499806,115
HU,186,0,-0.0,0.0,0.0,,,,,0.3579456422293573,0.23712236520209434,123
X,187,0,0.0,0.0,0.0,,,,,0.29048950117862926,0.11102324389411067,152
AI,187,0,-0.0,0.0,0.0,,,,,0.446862246511325,0.3381590145499806,115
HU,187,1,-0.0071015498,-0.02159807433214292,0.019672019145865832,-1.097908362735701,0.2722445058955756,-0.06015523185803995,0.01695908319375411,0.3579456422293573,0.23712236520209434,123
X,188,0,0.0,0.0,0.0,,,,,0.29048950117862926,0.11102324389411067,152
AI,188,0,-0.0,0.0,0.0,,,,,0.446862246511325,0.3381590145499806,115
HU,188,1,0.011491584,0.02598811085810764,0.021063918990985152,1.2337737753943092,0.21728721408091722,-0.015297170364223258,0.06727339208043853,0.3579456422293573,0.23712236520209434,123
X,189,1,0.031040156,0.043069302368844375,0.02019483260959141,2.132689247861796,0.03295022652465654,0.003487430454045211,0.08265117428364355,0.29048950117862926,0.11102324389411067,152
AI,189,0,0.0,0.0,0.0,,,,,0.446862246511325,0.3381590145499806,115
HU,189,1,0.00057696784,0.015073502527627623,0.020034753922231082,0.7523677398853237,0.45182994129281473,-0.024194615159945296,0.054341620215200545,0.3579456422293573,0.23712236520209434,123
X,190,1,-0.016796114,-0.02882526379707236,0.022811453801292056,-1.2636311586348643,0.20636244452814045,-0.07353571324760479,0.01588518565346007,0.29048950117862926,0.11102324389411067,152
AI,190,1,-0.0067385184,-0.022850732908354193,0.018775817324994566,-1.2170299973005732,0.2235928028562173,-0.05965133486534355,0.013949869048635159,0.446862246511325,0.3381590145499806,115
HU,190,1,-0.036124017,-0.050620549163771476,0.0214797685570729,-2.356661759612072,0.018440034444072204,-0.09272089553563437,-0.008520202791908592,0.3579456422293573,0.23712236520209434,123
X,191,0,0.0,0.0,0.0,,,,,0.29048950117862926,0.11102324389411067,152
AI,191,1,-0.0024305969,-0.018542839557295798,0.017743590174968172,-1.0450444005100596,0.2960024490326111,-0.053320276300233414,0.016234597185641818,0.446862246511325,0.3381590145499806,115
HU,191,0,0.0,0.0,0.0,,,,,0.3579456422293573,0.23712236520209434,123
X,192,0,0.0,0.0,0.0,,,,,0.29048950117862926,0.11102324389411067,152
AI,192,0,-0.0,0.0,0.0,,,,,0.446862246511325,0.3381590145499806,115
HU,192,1,-0.0003508387,-0.014847375378715104,0.01915818988186734,-0.7749884237637558,0.4383465000470934,-0.052397427547175086,0.02270267678974488,0.3579456422293573,0.23712236520209434,123
X,193,1,-0.007946845,-0.019976008037322367,0.018696962847508467,-1.068409249151626,0.28533594669870865,-0.056622055218438966,0.016670039143794228,0.29048950117862926,0.11102324389411067,152
AI,193,1,-0.0024589067,-0.018571118492901408,0.01833148868693702,-1.0130720319586017,0.31102575607871885,-0.054500836319297974,0.017358599333495154,0.446862246511325,0.3381590145499806,115
HU,193,1,-0.022932379,-0.037428917410203676,0.019510971604576793,-1.9183523080636218,0.055066353983751884,-0.07567042175517419,0.0008125869347668374,0.3579456422293573,0.23712236520209434,123
X,194,1,0.01100252,0.02303169208468918,0.020083466405399607,1.1467986461986919,0.25146484886843,-0.01633190206989405,0.06239528623927241,0.29048950117862926,0.11102324389411067,152
AI,194,0,0.0,0.0,0.0,,,,,0.446862246511325,0.3381590145499806,115
HU,194,0,0.0,0.0,0.0,,,,,0.3579456422293573,0.23712236520209434,123
X,195,1,-0.0158401,-0.027869238325259147,0.020540065187271174,-1.3568232657085195,0.17483737314017622,-0.06812776609231065,0.012389289441792354,0.29048950117862926,0.11102324389411067,152
AI,195,1,0.014617825,0.03073005310989756,0.018692842361167653,1.6439475878604692,0.10018702914844371,-0.0059079179179910395,0.06736802413778616,0.446862246511325,0.3381590145499806,115
HU,195,0,-0.0,0.0,0.0,,,,,0.3579456422293573,0.23712236520209434,123
X,196,0,0.0,0.0,0.0,,,,,0.29048950117862926,0.11102324389411067,152
AI,196,0,-0.0,0.0,0.0,,,,,0.446862246511325,0.3381590145499806,115
HU,196,0,-0.0,0.0,0.0,,,,,0.3579456422293573,0.23712236520209434,123
X,197,1,-0.024811978,-0.03684111843150679,0.019880961972625573,-1.8530853025237881,0.06387013309072172,-0.07580780389785291,0.0021255670348393346,0.29048950117862926,0.11102324389411067,152
AI,197,1,-0.012470825,-0.028583046773107846,0.019234020656186394,-1.4860671766989315,0.13726135321004546,-0.06628172725923318,0.009115633713017487,0.446862246511325,0.3381590145499806,115
HU,197,1,0.004468229,0.01896477403616023,0.020558319471761295,0.9224865905119365,0.35627482167997115,-0.02132953212849191,0.05925908020081237,0.3579456422293573,0.23712236520209434,123
X,198,0,0.0,0.0,0.0,,,,,0.29048950117862926,0.11102324389411067,152
AI,198,0,0.0,0.0,0.0,,,,,0.446862246511325,0.3381590145499806,115
HU,198,1,-0.0058877193,-0.020384258454444377,0.021087139284442467,-0.9666677959244734,0.3337101310395282,-0.06171505145195161,0.020946534543062858,0.3579456422293573,0.23712236520209434,123
X,199,1,0.00047693835,0.012506088059730984,0.02016096081058577,0.62031210601652,0.5350523262314582,-0.02700939512901713,0.052021571248479094,0.29048950117862926,0.11102324389411067,152
AI,199,1,0.02229818,0.0384103981535557,0.01831549427090802,2.0971532400611235,0.03598001229206852,0.0025120293825759837,0.07430876692453542,0.446862246511325,0.3381590145499806,115
HU,199,0,-0.0,0.0,0.0,,,,,0.3579456422293573,0.23712236520209434,123
X,200,1,0.013466978,0.025496138191940663,0.019942762692381637,1.2784657063427063,0.20108526910005708,-0.013591676685127344,0.06458395306900867,0.29048950117862926,0.11102324389411067,152
AI,200,0,-0.0,0.0,0.0,,,,,0.446862246511325,0.3381590145499806,115
HU,200,1,-0.0019736632,-0.01647020952841563,0.018856892234250907,-0.8734318107041943,0.38242775850759214,-0.053429718307547405,0.020489299250716145,0.3579456422293573,0.23712236520209434,123
